{"type": "FeatureCollection", "name": "hyderabad_ps_boundaries_research", "crs_note": "Coordinates are [longitude, latitude] WGS84 EPSG:4326", "research_disclaimer": "Third-party map data retrieved once for evaluation. Not an official Hyderabad Police dataset. LawyerInsta Terms s.4/s.8.1 restrict scraping/copying; retained at the project owner's direction for internal research only.", "features": [{"type": "Feature", "id": "ps-0", "properties": {"source": "LawyerInsta Hyderabad PS map (https://www.lawyerinsta.com/hyderabad-ps-map) - RESEARCH COPY, NOT AUTHORITATIVE", "source_id": "ps-0", "slug": "charminar-police-station", "name": "Charminar Police Station", "ps_name": "Charminar", "commissionerate": "Hyderabad Commissionerate", "zone": "DCP Charminar Zone", "division": "ACP Charminar", "ps_location": [78.473938, 17.361941], "has_geometry": true, "source_ring_count": 1, "geometry_interpretation": "single ring -> Polygon", "rings_closed_in_source": true, "our_ps_name": "Charminar", "our_match": "exact-key"}, "geometry": {"type": "Polygon", "coordinates": [[[78.477715, 17.369131], [78.477946, 17.369698], [78.478051, 17.370043], [78.478076, 17.370369], [78.478029, 17.370894], [78.478083, 17.371306], [78.478016, 17.371711], [78.477808, 17.371648], [78.477635, 17.37158], [78.477376, 17.371478], [78.476685, 17.371205], [78.474893, 17.370815], [78.470888, 17.370216], [78.469001, 17.369828], [78.468891, 17.369805], [78.468899, 17.369483], [78.468909, 17.36919], [78.468871, 17.368784], [78.468712, 17.368137], [78.468584, 17.367902], [78.469043, 17.368033], [78.470025, 17.368123], [78.470832, 17.368223], [78.471342, 17.368283], [78.471913, 17.36835], [78.472845, 17.368476], [78.472785, 17.368272], [78.472696, 17.367942], [78.472583, 17.367594], [78.472549, 17.367331], [78.472409, 17.366696], [78.472331, 17.366486], [78.471948, 17.36623], [78.472385, 17.365692], [78.472626, 17.365384], [78.472709, 17.365176], [78.472885, 17.365071], [78.473125, 17.364829], [78.473334, 17.364545], [78.47356, 17.364362], [78.47378, 17.364228], [78.473831, 17.364133], [78.473747, 17.363887], [78.473719, 17.363701], [78.473596, 17.363574], [78.473483, 17.363238], [78.473295, 17.362866], [78.473159, 17.362792], [78.472923, 17.362789], [78.472598, 17.362869], [78.472229, 17.362989], [78.471898, 17.363105], [78.471667, 17.363162], [78.471443, 17.363183], [78.471337, 17.363151], [78.471237, 17.362792], [78.471081, 17.36233], [78.471067, 17.36206], [78.471066, 17.362049], [78.471089, 17.362058], [78.471264, 17.362129], [78.471494, 17.362174], [78.471618, 17.362163], [78.471674, 17.362164], [78.47188, 17.362137], [78.471878, 17.362129], [78.471791, 17.361807], [78.471664, 17.36113], [78.471552, 17.360639], [78.471491, 17.360089], [78.472569, 17.359959], [78.473149, 17.359882], [78.474282, 17.359775], [78.474638, 17.35974], [78.475043, 17.359703], [78.47528, 17.359647], [78.475611, 17.359573], [78.475861, 17.359475], [78.476128, 17.359478], [78.476439, 17.359536], [78.476669, 17.359503], [78.477126, 17.359329], [78.477263, 17.359277], [78.477405, 17.359387], [78.477398, 17.359924], [78.477353, 17.360455], [78.477334, 17.360927], [78.477312, 17.361098], [78.477169, 17.361194], [78.477233, 17.361469], [78.477298, 17.361721], [78.477413, 17.361956], [78.477232, 17.362055], [78.477246, 17.362384], [78.47726, 17.362712], [78.477293, 17.362994], [78.477298, 17.363083], [78.477429, 17.363569], [78.477555, 17.363851], [78.477742, 17.364278], [78.47777, 17.364517], [78.477901, 17.364495], [78.477927, 17.36489], [78.477984, 17.365243], [78.478048, 17.365608], [78.478015, 17.366143], [78.477085, 17.366389], [78.477513, 17.367857], [78.477913, 17.367747], [78.477975, 17.368284], [78.477525, 17.36845], [78.477715, 17.369131]]]}}, {"type": "Feature", "id": "ps-1", "properties": {"source": "LawyerInsta Hyderabad PS map (https://www.lawyerinsta.com/hyderabad-ps-map) - RESEARCH COPY, NOT AUTHORITATIVE", "source_id": "ps-1", "slug": "hussainialam-police-station", "name": "Hussainialam Police Station", "ps_name": "Hussainialam", "commissionerate": "Hyderabad Commissionerate", "zone": "DCP Charminar Zone", "division": "ACP Charminar", "ps_location": [78.464131, 17.35812], "has_geometry": true, "source_ring_count": 1, "geometry_interpretation": "single ring -> Polygon", "rings_closed_in_source": true, "our_ps_name": "Hussainialam", "our_match": "exact-key"}, "geometry": {"type": "Polygon", "coordinates": [[[78.468891, 17.369805], [78.468167, 17.369555], [78.467085, 17.369542], [78.465927, 17.369611], [78.465192, 17.369685], [78.464844, 17.369585], [78.464238, 17.36935], [78.463669, 17.369116], [78.463001, 17.368833], [78.46242, 17.368574], [78.461737, 17.368422], [78.461229, 17.368296], [78.460858, 17.368124], [78.460336, 17.368106], [78.459641, 17.36793], [78.458897, 17.367741], [78.458282, 17.367739], [78.458518, 17.366953], [78.458671, 17.366735], [78.458723, 17.366564], [78.458663, 17.36633], [78.458325, 17.366329], [78.457771, 17.366], [78.457536, 17.365647], [78.45754, 17.365646], [78.457985, 17.365596], [78.458843, 17.365569], [78.458915, 17.365566], [78.459266, 17.365552], [78.459138, 17.36483], [78.459043, 17.364421], [78.458783, 17.362953], [78.459331, 17.362323], [78.459448, 17.362073], [78.459728, 17.361906], [78.459952, 17.361894], [78.460376, 17.361613], [78.461466, 17.360266], [78.461938, 17.359442], [78.462416, 17.359084], [78.463333, 17.358442], [78.463831, 17.358108], [78.464207, 17.357864], [78.464281, 17.357816], [78.46489, 17.357051], [78.465243, 17.356176], [78.465645, 17.355322], [78.465702, 17.355254], [78.46562, 17.354278], [78.465872, 17.35383], [78.466289, 17.353687], [78.466487, 17.353619], [78.466644, 17.353609], [78.467177, 17.35329], [78.467562, 17.353119], [78.467649, 17.353082], [78.468005, 17.352929], [78.468394, 17.352818], [78.468405, 17.352815], [78.468673, 17.352754], [78.46919, 17.352639], [78.469228, 17.352867], [78.469342, 17.353167], [78.469456, 17.353414], [78.469604, 17.353643], [78.469737, 17.353857], [78.469999, 17.353862], [78.470651, 17.353862], [78.47136, 17.353933], [78.47196, 17.35389], [78.473045, 17.353828], [78.473056, 17.353826], [78.473081, 17.353926], [78.473181, 17.354333], [78.473315, 17.354809], [78.473419, 17.355313], [78.473529, 17.355917], [78.473719, 17.356964], [78.473814, 17.357407], [78.473961, 17.35814], [78.474076, 17.35872], [78.474272, 17.359729], [78.474282, 17.359775], [78.473149, 17.359882], [78.472569, 17.359959], [78.471491, 17.360089], [78.471552, 17.360639], [78.471664, 17.36113], [78.471791, 17.361807], [78.471878, 17.362129], [78.47188, 17.362137], [78.471674, 17.362164], [78.471618, 17.362163], [78.471494, 17.362174], [78.471264, 17.362129], [78.471089, 17.362058], [78.471066, 17.362049], [78.471067, 17.36206], [78.471081, 17.36233], [78.471237, 17.362792], [78.471337, 17.363151], [78.471443, 17.363183], [78.471667, 17.363162], [78.471898, 17.363105], [78.472229, 17.362989], [78.472598, 17.362869], [78.472923, 17.362789], [78.473159, 17.362792], [78.473295, 17.362866], [78.473483, 17.363238], [78.473596, 17.363574], [78.473719, 17.363701], [78.473747, 17.363887], [78.473831, 17.364133], [78.47378, 17.364228], [78.47356, 17.364362], [78.473334, 17.364545], [78.473125, 17.364829], [78.472885, 17.365071], [78.472709, 17.365176], [78.472626, 17.365384], [78.472385, 17.365692], [78.471948, 17.36623], [78.472331, 17.366486], [78.472409, 17.366696], [78.472549, 17.367331], [78.472583, 17.367594], [78.472696, 17.367942], [78.472785, 17.368272], [78.472845, 17.368476], [78.471913, 17.36835], [78.471342, 17.368283], [78.470832, 17.368223], [78.470025, 17.368123], [78.469043, 17.368033], [78.468584, 17.367902], [78.468712, 17.368137], [78.468871, 17.368784], [78.468909, 17.36919], [78.468899, 17.369483], [78.468891, 17.369805]]]}}, {"type": "Feature", "id": "ps-2", "properties": {"source": "LawyerInsta Hyderabad PS map (https://www.lawyerinsta.com/hyderabad-ps-map) - RESEARCH COPY, NOT AUTHORITATIVE", "source_id": "ps-2", "slug": "moghalpura-police-station", "name": "Moghalpura Police Station", "ps_name": "Moghalpura", "commissionerate": "Hyderabad Commissionerate", "zone": "DCP Charminar Zone", "division": "ACP Charminar", "ps_location": [78.478946, 17.350565], "has_geometry": true, "source_ring_count": 1, "geometry_interpretation": "single ring -> Polygon", "rings_closed_in_source": true, "our_ps_name": "Moghalpura", "our_match": "exact-key"}, "geometry": {"type": "Polygon", "coordinates": [[[78.475611, 17.359573], [78.47528, 17.359647], [78.475043, 17.359703], [78.474638, 17.35974], [78.474282, 17.359775], [78.474272, 17.359729], [78.474076, 17.35872], [78.473961, 17.35814], [78.473814, 17.357407], [78.473719, 17.356964], [78.473529, 17.355917], [78.473419, 17.355313], [78.473315, 17.354809], [78.473181, 17.354333], [78.473081, 17.353926], [78.473056, 17.353826], [78.473048, 17.353795], [78.472791, 17.352877], [78.472691, 17.352482], [78.472639, 17.352163], [78.472629, 17.351358], [78.472586, 17.350778], [78.472625, 17.350778], [78.472362, 17.350006], [78.472172, 17.349373], [78.47182, 17.348929], [78.471352, 17.348235], [78.470743, 17.347615], [78.470452, 17.347095], [78.470283, 17.346348], [78.470292, 17.345664], [78.470711, 17.345824], [78.471497, 17.346139], [78.472291, 17.346268], [78.472843, 17.346371], [78.473544, 17.346505], [78.473904, 17.346582], [78.474466, 17.346887], [78.474792, 17.34716], [78.475297, 17.347561], [78.475807, 17.347968], [78.476221, 17.348194], [78.476685, 17.348415], [78.476926, 17.348508], [78.477174, 17.348547], [78.477386, 17.348537], [78.477542, 17.348497], [78.477679, 17.348463], [78.477791, 17.348465], [78.477915, 17.348544], [78.478025, 17.348683], [78.478222, 17.348781], [78.478477, 17.348826], [78.478755, 17.348893], [78.478919, 17.348903], [78.479166, 17.348899], [78.479412, 17.348853], [78.479526, 17.348839], [78.479683, 17.348849], [78.47995, 17.348836], [78.480278, 17.34879], [78.480662, 17.348744], [78.480817, 17.348726], [78.480817, 17.348717], [78.480813, 17.348586], [78.481545, 17.348483], [78.481981, 17.348426], [78.482199, 17.348396], [78.48228, 17.348385], [78.482698, 17.348329], [78.482851, 17.348301], [78.483012, 17.348253], [78.48307, 17.348239], [78.483247, 17.348195], [78.483279, 17.348182], [78.483343, 17.348168], [78.483538, 17.348127], [78.48365, 17.348079], [78.483776, 17.348047], [78.483811, 17.348073], [78.484009, 17.348272], [78.484269, 17.348532], [78.484297, 17.34921], [78.484069, 17.349272], [78.483834, 17.349464], [78.483825, 17.350059], [78.483807, 17.351235], [78.483804, 17.351456], [78.483552, 17.351477], [78.483539, 17.351552], [78.48355, 17.351835], [78.483458, 17.351981], [78.483193, 17.352188], [78.482649, 17.352325], [78.482403, 17.352403], [78.482485, 17.352883], [78.482032, 17.352962], [78.481624, 17.353034], [78.481375, 17.353165], [78.480779, 17.353456], [78.480238, 17.353534], [78.479816, 17.35376], [78.479244, 17.35405], [78.479065, 17.354101], [78.478835, 17.354122], [78.478479, 17.354228], [78.47865, 17.355152], [78.478699, 17.355419], [78.478984, 17.356846], [78.479282, 17.358522], [78.478412, 17.358729], [78.477263, 17.359277], [78.477126, 17.359329], [78.476669, 17.359503], [78.476439, 17.359536], [78.476128, 17.359478], [78.475861, 17.359475], [78.475611, 17.359573]]]}}, {"type": "Feature", "id": "ps-3", "properties": {"source": "LawyerInsta Hyderabad PS map (https://www.lawyerinsta.com/hyderabad-ps-map) - RESEARCH COPY, NOT AUTHORITATIVE", "source_id": "ps-3", "slug": "shalibanda-police-station", "name": "Shalibanda Police Station", "ps_name": "Shalibanda", "commissionerate": "Hyderabad Commissionerate", "zone": "DCP Charminar Zone", "division": "ACP Charminar", "ps_location": [78.46896, 17.344567], "has_geometry": true, "source_ring_count": 1, "geometry_interpretation": "single ring -> Polygon", "rings_closed_in_source": true, "our_ps_name": "Shahalibanda", "our_match": "alias"}, "geometry": {"type": "Polygon", "coordinates": [[[78.468673, 17.352754], [78.468405, 17.352815], [78.468394, 17.352818], [78.468005, 17.352929], [78.467649, 17.353082], [78.467562, 17.353119], [78.467177, 17.35329], [78.466644, 17.353609], [78.466487, 17.353619], [78.466289, 17.353687], [78.465787, 17.353859], [78.465665, 17.354083], [78.464752, 17.354076], [78.463317, 17.354387], [78.462994, 17.35417], [78.462614, 17.353592], [78.462266, 17.352827], [78.46205, 17.352265], [78.461884, 17.35126], [78.461791, 17.350412], [78.461655, 17.349493], [78.461376, 17.34916], [78.461126, 17.34887], [78.460952, 17.348495], [78.462266, 17.348468], [78.462968, 17.348477], [78.46305, 17.346815], [78.463069, 17.346514], [78.462959, 17.345874], [78.462751, 17.34584], [78.462585, 17.345852], [78.462578, 17.345853], [78.462602, 17.344735], [78.462611, 17.344343], [78.462617, 17.344052], [78.462809, 17.344052], [78.462878, 17.344052], [78.462945, 17.344052], [78.462974, 17.343738], [78.463024, 17.343381], [78.463067, 17.342989], [78.463152, 17.342703], [78.463445, 17.342149], [78.463359, 17.342047], [78.463304, 17.342057], [78.462523, 17.342198], [78.462459, 17.341966], [78.462367, 17.341633], [78.462203, 17.341147], [78.461979, 17.341035], [78.461932, 17.341012], [78.460804, 17.341062], [78.460533, 17.341026], [78.460375, 17.34091], [78.460133, 17.340733], [78.459923, 17.340594], [78.45986, 17.340553], [78.459648, 17.340412], [78.459516, 17.340403], [78.459172, 17.340381], [78.459476, 17.339975], [78.45998, 17.33958], [78.460622, 17.339186], [78.461283, 17.338851], [78.461862, 17.338724], [78.46248, 17.338675], [78.462583, 17.338447], [78.462784, 17.338258], [78.463042, 17.338357], [78.464238, 17.338238], [78.464576, 17.338281], [78.464994, 17.338267], [78.465909, 17.338317], [78.466508, 17.338152], [78.466772, 17.337792], [78.467172, 17.337644], [78.467811, 17.337519], [78.468473, 17.340031], [78.46878, 17.340896], [78.468792, 17.341622], [78.468929, 17.342083], [78.468991, 17.342226], [78.468996, 17.342263], [78.469081, 17.342433], [78.46927, 17.342868], [78.470267, 17.344569], [78.470296, 17.345392], [78.470283, 17.346348], [78.470452, 17.347095], [78.470743, 17.347615], [78.471352, 17.348235], [78.47182, 17.348929], [78.472172, 17.349373], [78.472362, 17.350006], [78.472625, 17.350778], [78.472586, 17.350778], [78.472629, 17.351358], [78.472639, 17.352163], [78.472691, 17.352482], [78.472791, 17.352877], [78.473048, 17.353795], [78.473056, 17.353826], [78.473045, 17.353828], [78.47196, 17.35389], [78.47136, 17.353933], [78.470651, 17.353862], [78.469999, 17.353862], [78.469737, 17.353857], [78.469604, 17.353643], [78.469456, 17.353414], [78.469342, 17.353167], [78.469228, 17.352867], [78.46919, 17.352639], [78.468673, 17.352754]]]}}, {"type": "Feature", "id": "ps-4", "properties": {"source": "LawyerInsta Hyderabad PS map (https://www.lawyerinsta.com/hyderabad-ps-map) - RESEARCH COPY, NOT AUTHORITATIVE", "source_id": "ps-4", "slug": "malakpet-police-station", "name": "Malakpet Police Station", "ps_name": "Malakpet", "commissionerate": "Hyderabad Commissionerate", "zone": "DCP Charminar Zone", "division": "ACP Malakpet", "ps_location": [78.51223, 17.370595], "has_geometry": true, "source_ring_count": 1, "geometry_interpretation": "single ring -> Polygon", "rings_closed_in_source": true, "our_ps_name": "Malakpet", "our_match": "exact-key"}, "geometry": {"type": "Polygon", "coordinates": [[[78.521725, 17.376673], [78.520797, 17.377055], [78.519905, 17.377487], [78.519131, 17.378054], [78.518217, 17.378579], [78.517253, 17.379311], [78.516328, 17.380051], [78.516011, 17.380306], [78.515519, 17.380642], [78.515019, 17.38097], [78.514823, 17.381095], [78.514694, 17.381241], [78.514259, 17.381923], [78.514009, 17.382293], [78.513753, 17.382672], [78.513723, 17.382716], [78.51357, 17.383115], [78.513506, 17.383561], [78.513477, 17.383826], [78.513431, 17.383929], [78.512421, 17.384682], [78.511607, 17.3854], [78.51145, 17.38521], [78.510814, 17.384439], [78.510657, 17.384247], [78.510483, 17.38404], [78.510261, 17.383868], [78.509936, 17.383669], [78.509644, 17.383483], [78.509405, 17.383308], [78.509281, 17.383226], [78.509524, 17.383097], [78.509573, 17.383058], [78.509613, 17.383025], [78.509673, 17.382976], [78.509813, 17.382836], [78.509873, 17.382776], [78.510038, 17.382541], [78.510159, 17.382269], [78.51043, 17.381441], [78.510787, 17.380342], [78.51113, 17.379243], [78.511258, 17.378907], [78.511358, 17.378415], [78.511344, 17.378108], [78.51128, 17.377851], [78.51113, 17.377537], [78.510958, 17.377287], [78.510942, 17.37727], [78.510768, 17.37709], [78.510744, 17.377066], [78.510423, 17.376801], [78.510195, 17.37668], [78.509973, 17.376609], [78.509747, 17.376559], [78.509645, 17.376537], [78.509402, 17.37653], [78.509246, 17.37654], [78.509181, 17.376544], [78.508984, 17.376577], [78.508907, 17.376347], [78.50881, 17.376135], [78.508573, 17.375998], [78.508267, 17.375927], [78.508167, 17.375624], [78.50786, 17.37466], [78.507703, 17.374103], [78.507354, 17.372811], [78.507196, 17.371726], [78.507004, 17.370398], [78.507018, 17.36997], [78.507039, 17.369113], [78.507039, 17.368278], [78.507061, 17.367472], [78.507086, 17.367049], [78.507057, 17.366989], [78.507185, 17.366983], [78.507699, 17.366959], [78.507619, 17.366696], [78.507499, 17.366336], [78.50732, 17.365706], [78.507144, 17.364836], [78.507271, 17.364568], [78.507508, 17.364297], [78.507556, 17.364243], [78.507693, 17.364198], [78.508324, 17.364511], [78.509024, 17.364873], [78.509438, 17.365077], [78.509742, 17.365139], [78.510542, 17.365268], [78.510475, 17.364716], [78.511284, 17.36454], [78.511636, 17.364473], [78.511888, 17.364425], [78.511977, 17.364404], [78.512264, 17.364335], [78.512402, 17.364329], [78.512227, 17.363269], [78.512866, 17.363169], [78.513283, 17.363091], [78.513355, 17.363098], [78.513373, 17.363194], [78.513408, 17.363369], [78.513472, 17.363523], [78.513572, 17.36359], [78.51374, 17.363601], [78.513933, 17.363569], [78.514204, 17.363548], [78.514525, 17.363512], [78.514875, 17.363487], [78.515125, 17.363469], [78.515403, 17.36348], [78.515614, 17.363494], [78.516149, 17.363551], [78.516517, 17.363598], [78.516792, 17.36364], [78.517466, 17.363787], [78.517895, 17.363851], [78.518526, 17.363933], [78.519012, 17.36399], [78.519408, 17.36403], [78.519729, 17.364054], [78.520372, 17.36414], [78.521671, 17.364264], [78.52161, 17.364708], [78.52156, 17.365086], [78.522014, 17.365078], [78.522292, 17.365061], [78.522631, 17.364993], [78.522777, 17.365439], [78.522749, 17.365461], [78.522826, 17.365722], [78.522859, 17.365825], [78.522892, 17.365921], [78.522967, 17.366077], [78.523013, 17.366171], [78.523045, 17.366342], [78.523066, 17.366507], [78.523059, 17.366667], [78.523052, 17.366746], [78.523031, 17.366906], [78.523049, 17.366985], [78.523063, 17.367078], [78.523088, 17.36726], [78.523145, 17.367617], [78.52317, 17.368056], [78.523174, 17.368345], [78.523174, 17.368436], [78.523174, 17.368616], [78.52348, 17.368602], [78.524491, 17.368587], [78.525419, 17.36858], [78.52549, 17.368898], [78.525639, 17.369324], [78.525801, 17.369815], [78.525843, 17.369967], [78.525893, 17.370064], [78.525929, 17.370101], [78.526011, 17.370204], [78.526111, 17.370297], [78.526214, 17.370412], [78.526243, 17.370529], [78.526224, 17.3706], [78.526184, 17.370895], [78.526157, 17.371086], [78.52611, 17.371233], [78.526062, 17.371333], [78.525834, 17.371424], [78.525572, 17.371557], [78.525391, 17.371695], [78.525212, 17.371754], [78.525068, 17.371771], [78.524911, 17.371795], [78.524915, 17.371842], [78.524955, 17.372064], [78.524997, 17.372304], [78.525163, 17.372618], [78.525272, 17.372842], [78.525572, 17.373756], [78.526005, 17.375136], [78.525872, 17.375175], [78.526043, 17.375723], [78.526069, 17.375809], [78.525173, 17.376091], [78.525039, 17.376134], [78.524342, 17.376359], [78.523467, 17.376584], [78.523028, 17.376587], [78.522561, 17.376487], [78.522197, 17.376527], [78.521725, 17.376673]]]}}, {"type": "Feature", "id": "ps-5", "properties": {"source": "LawyerInsta Hyderabad PS map (https://www.lawyerinsta.com/hyderabad-ps-map) - RESEARCH COPY, NOT AUTHORITATIVE", "source_id": "ps-5", "slug": "chaderghat-police-station", "name": "Chaderghat Police Station", "ps_name": "Chaderghat", "commissionerate": "Hyderabad Commissionerate", "zone": "DCP Charminar Zone", "division": "ACP Malakpet", "ps_location": [78.491636, 17.37791], "has_geometry": true, "source_ring_count": 1, "geometry_interpretation": "single ring -> Polygon", "rings_closed_in_source": true, "our_ps_name": "Chaderghat", "our_match": "exact-key"}, "geometry": {"type": "Polygon", "coordinates": [[[78.507997, 17.385562], [78.507888, 17.385566], [78.507675, 17.385566], [78.507109, 17.385566], [78.506259, 17.385601], [78.506098, 17.385608], [78.505003, 17.385762], [78.504289, 17.385941], [78.503956, 17.385971], [78.503635, 17.386012], [78.503355, 17.385983], [78.503177, 17.385953], [78.502957, 17.385887], [78.502719, 17.385828], [78.501827, 17.385298], [78.500244, 17.384638], [78.498763, 17.383508], [78.496889, 17.382033], [78.495795, 17.381045], [78.495509, 17.380908], [78.494111, 17.38048], [78.493572, 17.380332], [78.493032, 17.380183], [78.492799, 17.380119], [78.492645, 17.38009], [78.492249, 17.380016], [78.492036, 17.379987], [78.491801, 17.379955], [78.491071, 17.379855], [78.490411, 17.379814], [78.490013, 17.379683], [78.48943, 17.379332], [78.489266, 17.379256], [78.489256, 17.377944], [78.489231, 17.37752], [78.489216, 17.377336], [78.488498, 17.377512], [78.488088, 17.377514], [78.488087, 17.377337], [78.488099, 17.376659], [78.488072, 17.376135], [78.4883, 17.375627], [78.48819, 17.375291], [78.488191, 17.374913], [78.488814, 17.374834], [78.489224, 17.374817], [78.489541, 17.375267], [78.490327, 17.375182], [78.48993, 17.373518], [78.490632, 17.372447], [78.490985, 17.371257], [78.491208, 17.371236], [78.491479, 17.37143], [78.492605, 17.372806], [78.493582, 17.374157], [78.494314, 17.375265], [78.494749, 17.376227], [78.494962, 17.377018], [78.494811, 17.377136], [78.495349, 17.377063], [78.49583, 17.376802], [78.496176, 17.376252], [78.49654, 17.375797], [78.497102, 17.375518], [78.497859, 17.375451], [78.498441, 17.375133], [78.49871, 17.374372], [78.499448, 17.372852], [78.500003, 17.371501], [78.500824, 17.370374], [78.500895, 17.37035], [78.500972, 17.370297], [78.501032, 17.370255], [78.501061, 17.370225], [78.501336, 17.36994], [78.501502, 17.369732], [78.501627, 17.369494], [78.501687, 17.369268], [78.501688, 17.36903], [78.50169, 17.368805], [78.501693, 17.368357], [78.501709, 17.3681], [78.501728, 17.36781], [78.501728, 17.366948], [78.50171, 17.366638], [78.501627, 17.366014], [78.501496, 17.365383], [78.501484, 17.365268], [78.502724, 17.365131], [78.504168, 17.365034], [78.505096, 17.364931], [78.506024, 17.364761], [78.506713, 17.364597], [78.507271, 17.364568], [78.507144, 17.364836], [78.50732, 17.365706], [78.507499, 17.366336], [78.507619, 17.366696], [78.507699, 17.366959], [78.507185, 17.366983], [78.507057, 17.366989], [78.507086, 17.367049], [78.507061, 17.367472], [78.507039, 17.368278], [78.507039, 17.369113], [78.507018, 17.36997], [78.507004, 17.370398], [78.507196, 17.371726], [78.507354, 17.372811], [78.507703, 17.374103], [78.50786, 17.37466], [78.508167, 17.375624], [78.508267, 17.375927], [78.508573, 17.375998], [78.50881, 17.376135], [78.508907, 17.376347], [78.508984, 17.376577], [78.509181, 17.376544], [78.509402, 17.37653], [78.509645, 17.376537], [78.509747, 17.376559], [78.509973, 17.376609], [78.510195, 17.37668], [78.510423, 17.376801], [78.510744, 17.377066], [78.510768, 17.37709], [78.510958, 17.377287], [78.51113, 17.377537], [78.51128, 17.377851], [78.511344, 17.378108], [78.511358, 17.378415], [78.511258, 17.378907], [78.51113, 17.379243], [78.510787, 17.380342], [78.51043, 17.381441], [78.510159, 17.382269], [78.510038, 17.382541], [78.509873, 17.382776], [78.509813, 17.382836], [78.509673, 17.382976], [78.509613, 17.383025], [78.509573, 17.383058], [78.509524, 17.383097], [78.509281, 17.383226], [78.509405, 17.383308], [78.509644, 17.383483], [78.509936, 17.383669], [78.510261, 17.383868], [78.510483, 17.38404], [78.510657, 17.384247], [78.510814, 17.384439], [78.51145, 17.38521], [78.511607, 17.3854], [78.511291, 17.385614], [78.510988, 17.38578], [78.510666, 17.385858], [78.510356, 17.385893], [78.510351, 17.385893], [78.510089, 17.38587], [78.509452, 17.38569], [78.509054, 17.385578], [78.508608, 17.385536], [78.507997, 17.385562]]]}}, {"type": "Feature", "id": "ps-6", "properties": {"source": "LawyerInsta Hyderabad PS map (https://www.lawyerinsta.com/hyderabad-ps-map) - RESEARCH COPY, NOT AUTHORITATIVE", "source_id": "ps-6", "slug": "dabeerpura-police-station", "name": "Dabeerpura Police Station", "ps_name": "Dabeerpura", "commissionerate": "Hyderabad Commissionerate", "zone": "DCP Charminar Zone", "division": "ACP Malakpet", "ps_location": [78.489296, 17.36667], "has_geometry": true, "source_ring_count": 1, "geometry_interpretation": "single ring -> Polygon", "rings_closed_in_source": true, "our_ps_name": "Dabeerpura", "our_match": "exact-key"}, "geometry": {"type": "Polygon", "coordinates": [[[78.500003, 17.371501], [78.499448, 17.372852], [78.49871, 17.374372], [78.498441, 17.375133], [78.497859, 17.375451], [78.497102, 17.375518], [78.49654, 17.375797], [78.496176, 17.376252], [78.49583, 17.376802], [78.495349, 17.377063], [78.494811, 17.377136], [78.494962, 17.377018], [78.494749, 17.376227], [78.494314, 17.375265], [78.493582, 17.374157], [78.492605, 17.372806], [78.491479, 17.37143], [78.491208, 17.371236], [78.490968, 17.371258], [78.49076, 17.371278], [78.490466, 17.370916], [78.490251, 17.37022], [78.490036, 17.369596], [78.489843, 17.368703], [78.489796, 17.367597], [78.489908, 17.366929], [78.490111, 17.366925], [78.49052, 17.36691], [78.49081, 17.366915], [78.491005, 17.36692], [78.491119, 17.366939], [78.491257, 17.367001], [78.491386, 17.367034], [78.491819, 17.367029], [78.492171, 17.36701], [78.492395, 17.366991], [78.49288, 17.36692], [78.493152, 17.366887], [78.49348, 17.366848], [78.493737, 17.366777], [78.49426, 17.366606], [78.494617, 17.366506], [78.495031, 17.366387], [78.49529, 17.3663], [78.495498, 17.36623], [78.495912, 17.366139], [78.496145, 17.366101], [78.49644, 17.366092], [78.496802, 17.366101], [78.497326, 17.366151], [78.497473, 17.366139], [78.497691, 17.366065], [78.497826, 17.365569], [78.498244, 17.364989], [78.49866, 17.364576], [78.4994, 17.36419], [78.500451, 17.36375], [78.500937, 17.363648], [78.501162, 17.363627], [78.501395, 17.363833], [78.501612, 17.364233], [78.501419, 17.364354], [78.501437, 17.364818], [78.501496, 17.365383], [78.501627, 17.366014], [78.50171, 17.366638], [78.501728, 17.366948], [78.501728, 17.36781], [78.501709, 17.3681], [78.501693, 17.368357], [78.50169, 17.368805], [78.501688, 17.36903], [78.501687, 17.369268], [78.501627, 17.369494], [78.501502, 17.369732], [78.501336, 17.36994], [78.501061, 17.370225], [78.501032, 17.370255], [78.500972, 17.370297], [78.500895, 17.37035], [78.500824, 17.370374], [78.500003, 17.371501]]]}}, {"type": "Feature", "id": "ps-7", "properties": {"source": "LawyerInsta Hyderabad PS map (https://www.lawyerinsta.com/hyderabad-ps-map) - RESEARCH COPY, NOT AUTHORITATIVE", "source_id": "ps-7", "slug": "mirchowk-police-station", "name": "Mirchowk Police Station", "ps_name": "Mirchowk", "commissionerate": "Hyderabad Commissionerate", "zone": "DCP Charminar Zone", "division": "ACP Mirchowk", "ps_location": [78.480528, 17.363647], "has_geometry": true, "source_ring_count": 1, "geometry_interpretation": "single ring -> Polygon", "rings_closed_in_source": true, "our_ps_name": "Mirchowk", "our_match": "exact-key"}, "geometry": {"type": "Polygon", "coordinates": [[[78.489256, 17.377944], [78.489266, 17.379256], [78.488876, 17.379076], [78.488537, 17.378975], [78.48796, 17.378898], [78.487395, 17.378826], [78.487169, 17.378753], [78.486812, 17.378467], [78.486593, 17.378268], [78.486293, 17.377915], [78.486022, 17.377601], [78.485893, 17.37742], [78.485432, 17.376907], [78.484675, 17.376212], [78.483685, 17.375217], [78.482386, 17.373851], [78.482177, 17.373651], [78.48181, 17.373385], [78.481296, 17.373061], [78.480873, 17.372814], [78.480425, 17.372571], [78.480144, 17.372409], [78.479662, 17.372262], [78.478912, 17.372033], [78.478647, 17.371929], [78.478355, 17.371814], [78.478016, 17.371711], [78.478083, 17.371306], [78.478029, 17.370894], [78.478076, 17.370369], [78.478051, 17.370043], [78.477946, 17.369698], [78.477715, 17.369131], [78.477525, 17.36845], [78.477975, 17.368284], [78.477913, 17.367747], [78.477513, 17.367857], [78.477085, 17.366389], [78.478015, 17.366143], [78.478048, 17.365608], [78.477984, 17.365243], [78.477927, 17.36489], [78.477901, 17.364495], [78.47777, 17.364517], [78.477742, 17.364278], [78.477555, 17.363851], [78.477429, 17.363569], [78.477298, 17.363083], [78.477293, 17.362994], [78.47726, 17.362712], [78.477246, 17.362384], [78.477232, 17.362055], [78.477413, 17.361956], [78.477298, 17.361721], [78.477233, 17.361469], [78.477169, 17.361194], [78.477312, 17.361098], [78.477334, 17.360927], [78.477353, 17.360455], [78.477398, 17.359924], [78.477405, 17.359387], [78.477263, 17.359277], [78.478412, 17.358729], [78.479282, 17.358522], [78.479515, 17.358412], [78.479664, 17.358338], [78.479782, 17.358279], [78.479827, 17.358246], [78.480375, 17.3579], [78.480418, 17.357869], [78.480458, 17.357846], [78.480853, 17.357565], [78.481233, 17.357341], [78.481265, 17.357315], [78.481533, 17.357094], [78.48191, 17.356815], [78.481965, 17.356774], [78.482142, 17.356991], [78.482646, 17.357867], [78.483084, 17.358481], [78.48326, 17.359119], [78.483355, 17.359701], [78.483357, 17.359716], [78.48336, 17.359733], [78.483388, 17.360213], [78.483398, 17.360399], [78.483399, 17.360424], [78.483339, 17.360419], [78.483336, 17.360563], [78.483195, 17.360549], [78.483103, 17.360537], [78.482895, 17.360537], [78.482697, 17.360501], [78.482597, 17.360483], [78.482538, 17.360477], [78.482571, 17.360775], [78.482565, 17.361054], [78.482565, 17.361275], [78.482631, 17.361524], [78.482762, 17.362048], [78.483158, 17.362028], [78.4846, 17.361881], [78.48457, 17.362101], [78.484469, 17.36272], [78.484481, 17.362946], [78.484731, 17.363321], [78.484814, 17.363499], [78.484814, 17.363624], [78.484802, 17.363803], [78.484725, 17.363993], [78.484487, 17.364487], [78.484195, 17.365189], [78.484165, 17.36545], [78.484162, 17.365502], [78.484144, 17.365777], [78.484142, 17.365807], [78.48416, 17.366111], [78.484161, 17.366139], [78.48417, 17.366275], [78.484171, 17.366295], [78.484189, 17.366438], [78.484264, 17.36663], [78.484294, 17.366726], [78.484326, 17.366831], [78.484505, 17.367092], [78.48516, 17.367623], [78.485752, 17.368036], [78.486374, 17.368044], [78.486946, 17.368051], [78.487587, 17.36849], [78.488123, 17.369381], [78.488666, 17.369674], [78.489462, 17.369732], [78.490036, 17.369596], [78.490251, 17.37022], [78.490466, 17.370916], [78.49076, 17.371278], [78.490968, 17.371258], [78.490985, 17.371257], [78.490632, 17.372447], [78.48993, 17.373518], [78.490327, 17.375182], [78.489541, 17.375267], [78.489224, 17.374817], [78.488814, 17.374834], [78.488191, 17.374913], [78.48819, 17.375291], [78.4883, 17.375627], [78.488072, 17.376135], [78.488099, 17.376659], [78.488087, 17.377337], [78.488088, 17.377514], [78.488498, 17.377512], [78.489216, 17.377336], [78.489231, 17.37752], [78.489256, 17.377944]]]}}, {"type": "Feature", "id": "ps-8", "properties": {"source": "LawyerInsta Hyderabad PS map (https://www.lawyerinsta.com/hyderabad-ps-map) - RESEARCH COPY, NOT AUTHORITATIVE", "source_id": "ps-8", "slug": "bhavaninagar-police-station", "name": "Bhavaninagar Police Station", "ps_name": "Bhavaninagar", "commissionerate": "Hyderabad Commissionerate", "zone": "DCP Charminar Zone", "division": "ACP Mirchowk", "ps_location": [78.487672, 17.354842], "has_geometry": true, "source_ring_count": 1, "geometry_interpretation": "single ring -> Polygon", "rings_closed_in_source": true, "our_ps_name": "Bhavaninagar", "our_match": "exact-key"}, "geometry": {"type": "Polygon", "coordinates": [[[78.483776, 17.348047], [78.483802, 17.348044], [78.483805, 17.348056], [78.483805, 17.348057], [78.483807, 17.348043], [78.483885, 17.348033], [78.483941, 17.348025], [78.484226, 17.347987], [78.484697, 17.347812], [78.484907, 17.347733], [78.485075, 17.347637], [78.485232, 17.347548], [78.485325, 17.347458], [78.485421, 17.347326], [78.485511, 17.347175], [78.485528, 17.347144], [78.485621, 17.346923], [78.485677, 17.346845], [78.485764, 17.346723], [78.485907, 17.346555], [78.486421, 17.346127], [78.487152, 17.346836], [78.488377, 17.348238], [78.489402, 17.349732], [78.489926, 17.351411], [78.490112, 17.35237], [78.490418, 17.354296], [78.490128, 17.354348], [78.489961, 17.354396], [78.489785, 17.354381], [78.489609, 17.354357], [78.489438, 17.354334], [78.489324, 17.354329], [78.489176, 17.354329], [78.489024, 17.354343], [78.488776, 17.35441], [78.488491, 17.354481], [78.488167, 17.354581], [78.487839, 17.354672], [78.487406, 17.354795], [78.487096, 17.354876], [78.486649, 17.354971], [78.486226, 17.355048], [78.485792, 17.355109], [78.485397, 17.355152], [78.485212, 17.355186], [78.484883, 17.355233], [78.484512, 17.355281], [78.484336, 17.355324], [78.483922, 17.355471], [78.483513, 17.355685], [78.483151, 17.355923], [78.482461, 17.356404], [78.482089, 17.356682], [78.482028, 17.356727], [78.481965, 17.356774], [78.48191, 17.356815], [78.481533, 17.357094], [78.481265, 17.357315], [78.481233, 17.357341], [78.480853, 17.357565], [78.480458, 17.357846], [78.480418, 17.357869], [78.480375, 17.3579], [78.479827, 17.358246], [78.479782, 17.358279], [78.479664, 17.358338], [78.479515, 17.358412], [78.479282, 17.358522], [78.478984, 17.356846], [78.478699, 17.355419], [78.478479, 17.354228], [78.478835, 17.354122], [78.479065, 17.354101], [78.479244, 17.35405], [78.479816, 17.35376], [78.480238, 17.353534], [78.480779, 17.353456], [78.481375, 17.353165], [78.481624, 17.353034], [78.482032, 17.352962], [78.482485, 17.352883], [78.482403, 17.352403], [78.482649, 17.352325], [78.483193, 17.352188], [78.483458, 17.351981], [78.48355, 17.351835], [78.483539, 17.351552], [78.483552, 17.351477], [78.483804, 17.351456], [78.483807, 17.351235], [78.483825, 17.350059], [78.483834, 17.349464], [78.484069, 17.349272], [78.484297, 17.34921], [78.484269, 17.348532], [78.484009, 17.348272], [78.483811, 17.348073], [78.483776, 17.348047]]]}}, {"type": "Feature", "id": "ps-9", "properties": {"source": "LawyerInsta Hyderabad PS map (https://www.lawyerinsta.com/hyderabad-ps-map) - RESEARCH COPY, NOT AUTHORITATIVE", "source_id": "ps-9", "slug": "rein-bazar-police-station", "name": "Rein Bazar Police Station", "ps_name": "Rein Bazar", "commissionerate": "Hyderabad Commissionerate", "zone": "DCP Charminar Zone", "division": "ACP Mirchowk", "ps_location": [78.488435, 17.361852], "has_geometry": true, "source_ring_count": 1, "geometry_interpretation": "single ring -> Polygon", "rings_closed_in_source": true, "our_ps_name": "Reinbazar", "our_match": "exact-key"}, "geometry": {"type": "Polygon", "coordinates": [[[78.492167, 17.362489], [78.491905, 17.363442], [78.491648, 17.364096], [78.491106, 17.365015], [78.490409, 17.365962], [78.489931, 17.366792], [78.489908, 17.366929], [78.489796, 17.367597], [78.489843, 17.368703], [78.490036, 17.369596], [78.489462, 17.369732], [78.488666, 17.369674], [78.488123, 17.369381], [78.487587, 17.36849], [78.486946, 17.368051], [78.486374, 17.368044], [78.485752, 17.368036], [78.48516, 17.367623], [78.484505, 17.367092], [78.484326, 17.366831], [78.484294, 17.366726], [78.484264, 17.36663], [78.484189, 17.366438], [78.484171, 17.366295], [78.48417, 17.366275], [78.484161, 17.366139], [78.48416, 17.366111], [78.484142, 17.365807], [78.484144, 17.365777], [78.484162, 17.365502], [78.484165, 17.36545], [78.484195, 17.365189], [78.484487, 17.364487], [78.484725, 17.363993], [78.484802, 17.363803], [78.484814, 17.363624], [78.484814, 17.363499], [78.484731, 17.363321], [78.484481, 17.362946], [78.484469, 17.36272], [78.48457, 17.362101], [78.4846, 17.361881], [78.483158, 17.362028], [78.482762, 17.362048], [78.482631, 17.361524], [78.482565, 17.361275], [78.482565, 17.361054], [78.482571, 17.360775], [78.482538, 17.360477], [78.482597, 17.360483], [78.482697, 17.360501], [78.482895, 17.360537], [78.483103, 17.360537], [78.483195, 17.360549], [78.483336, 17.360563], [78.483339, 17.360419], [78.483399, 17.360424], [78.483398, 17.360399], [78.483388, 17.360213], [78.48336, 17.359733], [78.483357, 17.359716], [78.483358, 17.359714], [78.483355, 17.359701], [78.48326, 17.359119], [78.483084, 17.358481], [78.482646, 17.357867], [78.482142, 17.356991], [78.481965, 17.356774], [78.482028, 17.356727], [78.482089, 17.356682], [78.482461, 17.356404], [78.483151, 17.355923], [78.483513, 17.355685], [78.483922, 17.355471], [78.484336, 17.355324], [78.484512, 17.355281], [78.484883, 17.355233], [78.485212, 17.355186], [78.485397, 17.355152], [78.485792, 17.355109], [78.486226, 17.355048], [78.486649, 17.354971], [78.487096, 17.354876], [78.487406, 17.354795], [78.487839, 17.354672], [78.488167, 17.354581], [78.488491, 17.354481], [78.488776, 17.35441], [78.489024, 17.354343], [78.489176, 17.354329], [78.489324, 17.354329], [78.489438, 17.354334], [78.489609, 17.354357], [78.489785, 17.354381], [78.489961, 17.354396], [78.490128, 17.354348], [78.490418, 17.354296], [78.490761, 17.356109], [78.491319, 17.358565], [78.49183, 17.359826], [78.49216, 17.360697], [78.492241, 17.361654], [78.492167, 17.362489]]]}}, {"type": "Feature", "id": "ps-10", "properties": {"source": "LawyerInsta Hyderabad PS map (https://www.lawyerinsta.com/hyderabad-ps-map) - RESEARCH COPY, NOT AUTHORITATIVE", "source_id": "ps-10", "slug": "saidabad-police-station", "name": "Saidabad Police Station", "ps_name": "Saidabad", "commissionerate": "Hyderabad Commissionerate", "zone": "DCP Charminar Zone", "division": "ACP Saidabad", "ps_location": [78.50924, 17.361854], "has_geometry": true, "source_ring_count": 1, "geometry_interpretation": "single ring -> Polygon", "rings_closed_in_source": true, "our_ps_name": "Saidabad", "our_match": "exact-key"}, "geometry": {"type": "Polygon", "coordinates": [[[78.507556, 17.364243], [78.507508, 17.364297], [78.507271, 17.364568], [78.506713, 17.364597], [78.506024, 17.364761], [78.505096, 17.364931], [78.504168, 17.365034], [78.502724, 17.365131], [78.501484, 17.365268], [78.501437, 17.364818], [78.501419, 17.364354], [78.502563, 17.363639], [78.50273, 17.363562], [78.50366, 17.363088], [78.503767, 17.36294], [78.503862, 17.362696], [78.504031, 17.362131], [78.504393, 17.360785], [78.504554, 17.360186], [78.504789, 17.35943], [78.504918, 17.359055], [78.505015, 17.358705], [78.505213, 17.35797], [78.505273, 17.35772], [78.505298, 17.357613], [78.505338, 17.357313], [78.505423, 17.356853], [78.505493, 17.356522], [78.506192, 17.356797], [78.507317, 17.356998], [78.51122, 17.35738], [78.511355, 17.356305], [78.511457, 17.354652], [78.511515, 17.353334], [78.511441, 17.352874], [78.511066, 17.351196], [78.510866, 17.350496], [78.511746, 17.350182], [78.512507, 17.349847], [78.513599, 17.349307], [78.515253, 17.348601], [78.515861, 17.348397], [78.516288, 17.348234], [78.516865, 17.348029], [78.517156, 17.347919], [78.517683, 17.347711], [78.518593, 17.347345], [78.519069, 17.347164], [78.51961, 17.346943], [78.520312, 17.346661], [78.520767, 17.346494], [78.521183, 17.346331], [78.521972, 17.345995], [78.522436, 17.345786], [78.522793, 17.345679], [78.522989, 17.345617], [78.523114, 17.345584], [78.523456, 17.345525], [78.523764, 17.345484], [78.524302, 17.345418], [78.524909, 17.345343], [78.525221, 17.345313], [78.526017, 17.345202], [78.525938, 17.346383], [78.525895, 17.346843], [78.525885, 17.347118], [78.525835, 17.347671], [78.525828, 17.347875], [78.525767, 17.348553], [78.525724, 17.349363], [78.525667, 17.350248], [78.525628, 17.350895], [78.525574, 17.351776], [78.525528, 17.352615], [78.525452, 17.353541], [78.523843, 17.35355], [78.523861, 17.354068], [78.523397, 17.354085], [78.523379, 17.354264], [78.523343, 17.354988], [78.523318, 17.355395], [78.523297, 17.355952], [78.523265, 17.356355], [78.523251, 17.356734], [78.523265, 17.35739], [78.523382, 17.357385], [78.523615, 17.357362], [78.523747, 17.35738], [78.523786, 17.357398], [78.523854, 17.357462], [78.523954, 17.357544], [78.524182, 17.35772], [78.524157, 17.357812], [78.52405, 17.358194], [78.523711, 17.359221], [78.524014, 17.35935], [78.524259, 17.359412], [78.524241, 17.359552], [78.524205, 17.359647], [78.524137, 17.35979], [78.523994, 17.360034], [78.523866, 17.360174], [78.523551, 17.360459], [78.52344, 17.360587], [78.523328, 17.360715], [78.523087, 17.360906], [78.522999, 17.360961], [78.52292, 17.361012], [78.522665, 17.361174], [78.522662, 17.361176], [78.522448, 17.361364], [78.522281, 17.361566], [78.522196, 17.361759], [78.522186, 17.361783], [78.522072, 17.362093], [78.522031, 17.362205], [78.52194, 17.362444], [78.521909, 17.362524], [78.521855, 17.362741], [78.521806, 17.362907], [78.521791, 17.36304], [78.521675, 17.364058], [78.521663, 17.364162], [78.521671, 17.364264], [78.520518, 17.364154], [78.520372, 17.36414], [78.519729, 17.364054], [78.519408, 17.36403], [78.519012, 17.36399], [78.518526, 17.363933], [78.517895, 17.363851], [78.517466, 17.363787], [78.516792, 17.36364], [78.516517, 17.363598], [78.516149, 17.363551], [78.515614, 17.363494], [78.515403, 17.36348], [78.515125, 17.363469], [78.514875, 17.363487], [78.514525, 17.363512], [78.514204, 17.363548], [78.513933, 17.363569], [78.51374, 17.363601], [78.513572, 17.36359], [78.513472, 17.363523], [78.513408, 17.363369], [78.513373, 17.363194], [78.513355, 17.363098], [78.513283, 17.363091], [78.512866, 17.363169], [78.512227, 17.363269], [78.512402, 17.364329], [78.512264, 17.364335], [78.511977, 17.364404], [78.511888, 17.364425], [78.511636, 17.364473], [78.511284, 17.36454], [78.510475, 17.364716], [78.510542, 17.365268], [78.509742, 17.365139], [78.509438, 17.365077], [78.509024, 17.364873], [78.508324, 17.364511], [78.507693, 17.364198], [78.507556, 17.364243]]]}}, {"type": "Feature", "id": "ps-11", "properties": {"source": "LawyerInsta Hyderabad PS map (https://www.lawyerinsta.com/hyderabad-ps-map) - RESEARCH COPY, NOT AUTHORITATIVE", "source_id": "ps-11", "slug": "madannapet-police-station", "name": "Madannapet Police Station", "ps_name": "Madannapet", "commissionerate": "Hyderabad Commissionerate", "zone": "DCP Charminar Zone", "division": "ACP Saidabad", "ps_location": [78.500307, 17.35808], "has_geometry": true, "source_ring_count": 1, "geometry_interpretation": "single ring -> Polygon", "rings_closed_in_source": true, "our_ps_name": "Madannapet", "our_match": "exact-key"}, "geometry": {"type": "Polygon", "coordinates": [[[78.497691, 17.366065], [78.497473, 17.366139], [78.497326, 17.366151], [78.496802, 17.366101], [78.49644, 17.366092], [78.496145, 17.366101], [78.495912, 17.366139], [78.495498, 17.36623], [78.49529, 17.3663], [78.495031, 17.366387], [78.494617, 17.366506], [78.49426, 17.366606], [78.493737, 17.366777], [78.49348, 17.366848], [78.493152, 17.366887], [78.49288, 17.36692], [78.492395, 17.366991], [78.492171, 17.36701], [78.491819, 17.367029], [78.491386, 17.367034], [78.491257, 17.367001], [78.491119, 17.366939], [78.491005, 17.36692], [78.49081, 17.366915], [78.49052, 17.36691], [78.490111, 17.366925], [78.489908, 17.366929], [78.489931, 17.366792], [78.490409, 17.365962], [78.491106, 17.365015], [78.491648, 17.364096], [78.491905, 17.363442], [78.492167, 17.362489], [78.492241, 17.361654], [78.49216, 17.360697], [78.49183, 17.359826], [78.491319, 17.358565], [78.490761, 17.356109], [78.490418, 17.354296], [78.490613, 17.354272], [78.490766, 17.354219], [78.490989, 17.354134], [78.491251, 17.354072], [78.491456, 17.354043], [78.491536, 17.354032], [78.491651, 17.354015], [78.49169, 17.353986], [78.491703, 17.353977], [78.491798, 17.353896], [78.491978, 17.353769], [78.49201, 17.353747], [78.492396, 17.353529], [78.492721, 17.353339], [78.492738, 17.35333], [78.492747, 17.353324], [78.492929, 17.35322], [78.49313, 17.3531], [78.493225, 17.353235], [78.493396, 17.353497], [78.493513, 17.353617], [78.493539, 17.353644], [78.493743, 17.353773], [78.493976, 17.35393], [78.49431, 17.354149], [78.494396, 17.354215], [78.494514, 17.354306], [78.4947, 17.354448], [78.494775, 17.354561], [78.494805, 17.354606], [78.494881, 17.354796], [78.494971, 17.354981], [78.495031, 17.355028], [78.495057, 17.355048], [78.495152, 17.355072], [78.495342, 17.355058], [78.49568, 17.355005], [78.49576, 17.354985], [78.496123, 17.354891], [78.496423, 17.354843], [78.496694, 17.35482], [78.497274, 17.354867], [78.497817, 17.354891], [78.498398, 17.354901], [78.499011, 17.354986], [78.499178, 17.355043], [78.500115, 17.355177], [78.500115, 17.355178], [78.500157, 17.355183], [78.500992, 17.35527], [78.501453, 17.355304], [78.502303, 17.355505], [78.50454, 17.356149], [78.505493, 17.356522], [78.505423, 17.356853], [78.505338, 17.357313], [78.505298, 17.357613], [78.505273, 17.35772], [78.505213, 17.35797], [78.505015, 17.358705], [78.504918, 17.359055], [78.504789, 17.35943], [78.504554, 17.360186], [78.504393, 17.360785], [78.504031, 17.362131], [78.503862, 17.362696], [78.503767, 17.36294], [78.50366, 17.363088], [78.50273, 17.363562], [78.502563, 17.363639], [78.501612, 17.364233], [78.501395, 17.363833], [78.501162, 17.363627], [78.500937, 17.363648], [78.500451, 17.36375], [78.4994, 17.36419], [78.49866, 17.364576], [78.498244, 17.364989], [78.497826, 17.365569], [78.497691, 17.366065]]]}}, {"type": "Feature", "id": "ps-12", "properties": {"source": "LawyerInsta Hyderabad PS map (https://www.lawyerinsta.com/hyderabad-ps-map) - RESEARCH COPY, NOT AUTHORITATIVE", "source_id": "ps-12", "slug": "santosh-nagar-police-station", "name": "Santosh Nagar Police Station", "ps_name": "Santosh Nagar", "commissionerate": "Hyderabad Commissionerate", "zone": "DCP Charminar Zone", "division": "ACP Santoshnagar", "ps_location": [78.49539, 17.338505], "has_geometry": true, "source_ring_count": 1, "geometry_interpretation": "single ring -> Polygon", "rings_closed_in_source": true, "our_ps_name": "Santoshnagar", "our_match": "exact-key"}, "geometry": {"type": "Polygon", "coordinates": [[[78.489958, 17.347357], [78.490285, 17.347146], [78.491683, 17.346806], [78.492435, 17.346385], [78.492664, 17.346005], [78.492674, 17.345289], [78.492408, 17.344712], [78.491917, 17.344228], [78.491449, 17.343887], [78.491155, 17.343549], [78.491039, 17.342926], [78.490971, 17.342447], [78.490951, 17.342041], [78.490782, 17.34168], [78.490266, 17.341172], [78.489699, 17.340806], [78.489109, 17.340273], [78.488869, 17.339625], [78.488473, 17.339083], [78.488451, 17.338892], [78.488307, 17.338531], [78.488263, 17.338065], [78.488174, 17.337347], [78.488068, 17.336903], [78.488086, 17.336609], [78.488097, 17.336365], [78.488193, 17.33608], [78.488193, 17.335985], [78.488134, 17.335669], [78.488092, 17.335122], [78.488018, 17.334664], [78.487795, 17.334601], [78.487435, 17.334585], [78.487362, 17.334428], [78.487342, 17.334105], [78.487568, 17.333941], [78.487609, 17.333643], [78.487675, 17.333357], [78.487777, 17.333179], [78.487608, 17.33283], [78.487253, 17.332431], [78.487145, 17.332143], [78.487175, 17.331702], [78.487222, 17.331033], [78.487242, 17.330669], [78.487991, 17.330988], [78.488645, 17.331297], [78.489216, 17.331475], [78.489639, 17.331583], [78.490156, 17.331755], [78.490495, 17.331945], [78.490591, 17.331999], [78.490908, 17.332255], [78.491088, 17.332396], [78.492529, 17.333657], [78.493567, 17.3345], [78.494747, 17.335452], [78.49557, 17.336094], [78.496598, 17.336841], [78.497198, 17.337293], [78.498302, 17.338012], [78.499273, 17.338602], [78.500848, 17.339644], [78.501404, 17.339973], [78.502361, 17.340539], [78.503427, 17.341238], [78.504498, 17.341886], [78.505769, 17.342799], [78.506568, 17.343313], [78.507025, 17.34358], [78.507123, 17.343666], [78.506973, 17.343689], [78.50688, 17.343702], [78.505903, 17.344899], [78.505422, 17.345179], [78.50385, 17.345931], [78.502441, 17.346591], [78.501749, 17.346795], [78.501618, 17.34687], [78.501557, 17.346979], [78.501541, 17.347084], [78.501544, 17.347137], [78.500592, 17.347259], [78.500418, 17.3473], [78.500262, 17.347384], [78.500041, 17.347567], [78.499834, 17.347737], [78.499738, 17.347865], [78.499702, 17.347965], [78.499666, 17.348031], [78.499591, 17.348088], [78.498997, 17.348447], [78.498381, 17.348996], [78.4983, 17.348998], [78.498004, 17.349045], [78.497815, 17.349074], [78.497683, 17.34907], [78.497536, 17.349074], [78.497411, 17.349074], [78.497276, 17.349074], [78.497209, 17.349069], [78.497157, 17.349065], [78.497137, 17.349045], [78.496808, 17.349331], [78.496672, 17.349458], [78.496251, 17.349852], [78.495927, 17.350176], [78.495423, 17.350694], [78.495311, 17.350808], [78.494913, 17.351211], [78.494567, 17.351568], [78.494238, 17.351936], [78.493874, 17.352371], [78.493605, 17.352697], [78.493564, 17.352746], [78.493545, 17.352773], [78.493496, 17.352843], [78.493459, 17.352873], [78.493432, 17.352849], [78.493254, 17.353021], [78.49313, 17.3531], [78.492929, 17.35322], [78.492747, 17.353324], [78.492738, 17.35333], [78.49201, 17.353747], [78.492008, 17.353748], [78.491978, 17.353769], [78.491798, 17.353896], [78.491703, 17.353977], [78.49169, 17.353986], [78.491651, 17.354015], [78.491536, 17.354032], [78.491456, 17.354043], [78.491251, 17.354072], [78.490989, 17.354134], [78.490766, 17.354219], [78.490613, 17.354272], [78.490418, 17.354296], [78.490112, 17.35237], [78.489926, 17.351411], [78.489805, 17.351025], [78.490363, 17.350861], [78.490247, 17.350056], [78.490065, 17.349165], [78.48994, 17.348475], [78.489865, 17.347994], [78.48987, 17.347585], [78.489958, 17.347357]]]}}, {"type": "Feature", "id": "ps-13", "properties": {"source": "LawyerInsta Hyderabad PS map (https://www.lawyerinsta.com/hyderabad-ps-map) - RESEARCH COPY, NOT AUTHORITATIVE", "source_id": "ps-13", "slug": "is-sadan-police-station", "name": "IS Sadan Police Station", "ps_name": "IS Sadan", "commissionerate": "Hyderabad Commissionerate", "zone": "DCP Charminar Zone", "division": "ACP Santoshnagar", "ps_location": [78.504728, 17.346852], "has_geometry": true, "source_ring_count": 1, "geometry_interpretation": "single ring -> Polygon", "rings_closed_in_source": true, "our_ps_name": "IS Sadan", "our_match": "exact-key"}, "geometry": {"type": "Polygon", "coordinates": [[[78.515253, 17.348601], [78.513599, 17.349307], [78.512507, 17.349847], [78.511746, 17.350182], [78.510866, 17.350496], [78.511066, 17.351196], [78.511441, 17.352874], [78.511515, 17.353334], [78.511457, 17.354652], [78.511355, 17.356305], [78.51122, 17.35738], [78.507317, 17.356998], [78.506192, 17.356797], [78.50454, 17.356149], [78.502303, 17.355505], [78.501453, 17.355304], [78.500992, 17.35527], [78.500157, 17.355183], [78.500115, 17.355178], [78.500115, 17.355177], [78.499178, 17.355043], [78.499011, 17.354986], [78.498398, 17.354901], [78.497817, 17.354891], [78.497274, 17.354867], [78.496694, 17.35482], [78.496423, 17.354843], [78.496123, 17.354891], [78.49576, 17.354985], [78.49568, 17.355005], [78.495342, 17.355058], [78.495152, 17.355072], [78.495057, 17.355048], [78.495031, 17.355028], [78.494971, 17.354981], [78.494881, 17.354796], [78.494805, 17.354606], [78.494775, 17.354561], [78.4947, 17.354448], [78.494514, 17.354306], [78.494396, 17.354215], [78.49431, 17.354149], [78.493976, 17.35393], [78.493743, 17.353773], [78.493539, 17.353644], [78.493513, 17.353617], [78.493396, 17.353497], [78.493225, 17.353235], [78.49313, 17.3531], [78.493254, 17.353021], [78.493432, 17.352849], [78.493459, 17.352873], [78.493496, 17.352843], [78.493545, 17.352773], [78.493564, 17.352746], [78.493605, 17.352697], [78.493874, 17.352371], [78.494238, 17.351936], [78.494567, 17.351568], [78.494913, 17.351211], [78.495311, 17.350808], [78.495423, 17.350694], [78.495927, 17.350176], [78.496251, 17.349852], [78.496672, 17.349458], [78.496808, 17.349331], [78.497137, 17.349045], [78.497157, 17.349065], [78.497209, 17.349069], [78.497276, 17.349074], [78.497411, 17.349074], [78.497536, 17.349074], [78.497683, 17.34907], [78.497815, 17.349074], [78.498004, 17.349045], [78.4983, 17.348998], [78.498381, 17.348996], [78.498997, 17.348447], [78.499202, 17.348323], [78.499591, 17.348088], [78.499666, 17.348031], [78.499702, 17.347965], [78.499738, 17.347865], [78.499834, 17.347737], [78.500041, 17.347567], [78.500262, 17.347384], [78.500418, 17.3473], [78.500592, 17.347259], [78.501544, 17.347137], [78.501541, 17.347084], [78.501557, 17.346979], [78.501618, 17.34687], [78.501749, 17.346795], [78.502441, 17.346591], [78.50385, 17.345931], [78.505422, 17.345179], [78.505903, 17.344899], [78.50688, 17.343702], [78.506973, 17.343689], [78.507123, 17.343666], [78.508683, 17.343436], [78.513436, 17.342781], [78.515753, 17.342494], [78.515819, 17.342515], [78.515483, 17.343309], [78.515337, 17.346817], [78.515242, 17.348103], [78.515253, 17.348601]]]}}, {"type": "Feature", "id": "ps-14", "properties": {"source": "LawyerInsta Hyderabad PS map (https://www.lawyerinsta.com/hyderabad-ps-map) - RESEARCH COPY, NOT AUTHORITATIVE", "source_id": "ps-14", "slug": "chatrinaka-police-station", "name": "Chatrinaka Police Station", "ps_name": "Chatrinaka", "commissionerate": "Hyderabad Commissionerate", "zone": "DCP Charminar Zone", "division": "ACP Santoshnagar", "ps_location": [78.480044, 17.339868], "has_geometry": true, "source_ring_count": 1, "geometry_interpretation": "single ring -> Polygon", "rings_closed_in_source": true, "our_ps_name": "Chatrinaka", "our_match": "exact-key"}, "geometry": {"type": "Polygon", "coordinates": [[[78.486421, 17.346127], [78.485907, 17.346555], [78.485764, 17.346723], [78.485677, 17.346845], [78.485621, 17.346923], [78.485528, 17.347144], [78.485511, 17.347175], [78.485421, 17.347326], [78.485325, 17.347458], [78.485232, 17.347548], [78.485075, 17.347637], [78.484907, 17.347733], [78.484697, 17.347812], [78.484226, 17.347987], [78.483941, 17.348025], [78.483885, 17.348033], [78.483807, 17.348043], [78.483802, 17.348044], [78.483776, 17.348047], [78.48365, 17.348079], [78.483538, 17.348127], [78.483343, 17.348168], [78.483279, 17.348182], [78.483247, 17.348195], [78.48307, 17.348239], [78.483012, 17.348253], [78.482851, 17.348301], [78.482698, 17.348329], [78.48228, 17.348385], [78.482199, 17.348396], [78.481981, 17.348426], [78.481545, 17.348483], [78.480813, 17.348586], [78.480817, 17.348717], [78.480662, 17.348744], [78.480278, 17.34879], [78.47995, 17.348836], [78.479683, 17.348849], [78.479526, 17.348839], [78.479412, 17.348853], [78.479166, 17.348899], [78.478919, 17.348903], [78.478755, 17.348893], [78.478477, 17.348826], [78.478222, 17.348781], [78.478025, 17.348683], [78.477915, 17.348544], [78.477791, 17.348465], [78.477679, 17.348463], [78.477542, 17.348497], [78.477386, 17.348537], [78.477174, 17.348547], [78.476926, 17.348508], [78.476685, 17.348415], [78.476221, 17.348194], [78.475807, 17.347968], [78.475297, 17.347561], [78.474792, 17.34716], [78.474466, 17.346887], [78.473904, 17.346582], [78.473544, 17.346505], [78.472843, 17.346371], [78.472291, 17.346268], [78.471497, 17.346139], [78.470711, 17.345824], [78.470292, 17.345664], [78.470296, 17.345392], [78.470267, 17.344569], [78.46927, 17.342868], [78.469081, 17.342433], [78.468991, 17.342226], [78.468929, 17.342083], [78.468792, 17.341622], [78.46878, 17.340896], [78.468473, 17.340031], [78.467811, 17.337519], [78.468241, 17.336626], [78.46999, 17.33682], [78.471699, 17.337052], [78.473701, 17.336706], [78.474401, 17.336667], [78.475744, 17.336712], [78.476119, 17.336559], [78.476297, 17.336648], [78.47636, 17.336462], [78.476408, 17.33619], [78.477277, 17.335986], [78.477269, 17.335484], [78.480151, 17.338699], [78.482093, 17.340846], [78.483307, 17.342295], [78.484678, 17.343918], [78.485776, 17.345175], [78.486421, 17.346127]]]}}, {"type": "Feature", "id": "ps-15", "properties": {"source": "LawyerInsta Hyderabad PS map (https://www.lawyerinsta.com/hyderabad-ps-map) - RESEARCH COPY, NOT AUTHORITATIVE", "source_id": "ps-15", "slug": "adibatla-police-station", "name": "Adibatla Police Station", "ps_name": "Adibatla", "commissionerate": "Hyderabad Commissionerate", "zone": "DCP Shamshabad Zone", "division": "ACP Adibatla", "ps_location": null, "has_geometry": false, "source_ring_count": 0, "our_ps_name": "Adibatla", "our_match": "exact-key"}, "geometry": null}, {"type": "Feature", "id": "ps-16", "properties": {"source": "LawyerInsta Hyderabad PS map (https://www.lawyerinsta.com/hyderabad-ps-map) - RESEARCH COPY, NOT AUTHORITATIVE", "source_id": "ps-16", "slug": "balapur-police-station", "name": "Balapur Police Station", "ps_name": "Balapur", "commissionerate": "Hyderabad Commissionerate", "zone": "DCP Shamshabad Zone", "division": "ACP Adibatla", "ps_location": null, "has_geometry": false, "source_ring_count": 0, "our_ps_name": "Balapur", "our_match": "exact-key"}, "geometry": null}, {"type": "Feature", "id": "ps-17", "properties": {"source": "LawyerInsta Hyderabad PS map (https://www.lawyerinsta.com/hyderabad-ps-map) - RESEARCH COPY, NOT AUTHORITATIVE", "source_id": "ps-17", "slug": "meerpet-police-station", "name": "Meerpet Police Station", "ps_name": "Meerpet", "commissionerate": "Hyderabad Commissionerate", "zone": "DCP Shamshabad Zone", "division": "ACP Adibatla", "ps_location": null, "has_geometry": false, "source_ring_count": 0, "our_ps_name": "Meerpet", "our_match": "exact-key"}, "geometry": null}, {"type": "Feature", "id": "ps-18", "properties": {"source": "LawyerInsta Hyderabad PS map (https://www.lawyerinsta.com/hyderabad-ps-map) - RESEARCH COPY, NOT AUTHORITATIVE", "source_id": "ps-18", "slug": "rgia-police-station", "name": "RGIA Police Station", "ps_name": "RGIA", "commissionerate": "Hyderabad Commissionerate", "zone": "DCP Shamshabad Zone", "division": "ACP RGIA", "ps_location": null, "has_geometry": false, "source_ring_count": 0, "our_ps_name": "RGI Airport", "our_match": "alias"}, "geometry": null}, {"type": "Feature", "id": "ps-19", "properties": {"source": "LawyerInsta Hyderabad PS map (https://www.lawyerinsta.com/hyderabad-ps-map) - RESEARCH COPY, NOT AUTHORITATIVE", "source_id": "ps-19", "slug": "rgia-police-outpost", "name": "RGIA Police Outpost", "ps_name": "RGIA", "commissionerate": "Hyderabad Commissionerate", "zone": "DCP Shamshabad Zone", "division": "ACP RGIA", "ps_location": null, "has_geometry": false, "source_ring_count": 0, "our_ps_name": "RGI Airport", "our_match": "alias"}, "geometry": null}, {"type": "Feature", "id": "ps-20", "properties": {"source": "LawyerInsta Hyderabad PS map (https://www.lawyerinsta.com/hyderabad-ps-map) - RESEARCH COPY, NOT AUTHORITATIVE", "source_id": "ps-20", "slug": "pahadi-shareef-police-station", "name": "Pahadi Shareef Police Station", "ps_name": "Pahadi Shareef", "commissionerate": "Hyderabad Commissionerate", "zone": "DCP Shamshabad Zone", "division": "ACP RGIA", "ps_location": null, "has_geometry": false, "source_ring_count": 0, "our_ps_name": "Pahadishareef", "our_match": "exact-key"}, "geometry": null}, {"type": "Feature", "id": "ps-21", "properties": {"source": "LawyerInsta Hyderabad PS map (https://www.lawyerinsta.com/hyderabad-ps-map) - RESEARCH COPY, NOT AUTHORITATIVE", "source_id": "ps-21", "slug": "asif-nagar-police-station", "name": "Asif Nagar Police Station", "ps_name": "Asif Nagar", "commissionerate": "Hyderabad Commissionerate", "zone": "DCP Golconda Zone", "division": "ACP Asif Nagar", "ps_location": [78.452244, 17.389481], "has_geometry": true, "source_ring_count": 1, "geometry_interpretation": "single ring -> Polygon", "rings_closed_in_source": true, "our_ps_name": "Asifnagar", "our_match": "exact-key"}, "geometry": {"type": "Polygon", "coordinates": [[[78.454765, 17.38918], [78.453879, 17.389395], [78.453059, 17.389552], [78.452023, 17.389801], [78.451467, 17.389941], [78.450978, 17.390123], [78.450464, 17.390369], [78.449964, 17.390676], [78.44965, 17.390954], [78.449466, 17.391089], [78.449461, 17.391094], [78.448982, 17.391339], [78.448786, 17.39144], [78.447773, 17.39195], [78.446734, 17.392453], [78.445531, 17.393028], [78.445528, 17.393029], [78.444967, 17.393285], [78.444632, 17.393435], [78.444307, 17.393513], [78.443696, 17.393642], [78.442801, 17.393838], [78.442333, 17.393992], [78.441876, 17.394102], [78.440898, 17.394292], [78.439977, 17.394506], [78.43941, 17.394756], [78.438683, 17.394823], [78.43825, 17.394863], [78.438237, 17.394864], [78.438225, 17.394804], [78.437625, 17.391937], [78.436552, 17.389439], [78.436466, 17.388947], [78.436681, 17.388742], [78.43638, 17.387841], [78.436681, 17.385138], [78.436552, 17.384115], [78.436539, 17.384029], [78.436983, 17.383858], [78.438496, 17.383179], [78.438534, 17.383165], [78.43859, 17.383423], [78.438621, 17.383658], [78.438648, 17.38385], [78.43967, 17.383796], [78.439858, 17.383827], [78.440017, 17.383853], [78.440222, 17.383831], [78.440401, 17.383819], [78.440844, 17.383806], [78.441506, 17.3838], [78.441974, 17.383801], [78.442382, 17.383807], [78.442481, 17.383832], [78.442545, 17.383876], [78.44261, 17.38391], [78.442898, 17.383909], [78.442978, 17.383919], [78.443011, 17.384054], [78.443029, 17.384183], [78.443007, 17.384321], [78.44338, 17.384393], [78.444195, 17.384443], [78.444578, 17.384465], [78.444745, 17.384479], [78.445203, 17.384616], [78.445585, 17.384745], [78.445877, 17.384828], [78.446098, 17.384869], [78.44615, 17.384172], [78.446169, 17.384069], [78.44632, 17.383593], [78.446392, 17.383386], [78.446552, 17.38304], [78.446668, 17.382726], [78.446899, 17.382026], [78.447077, 17.382093], [78.447438, 17.382131], [78.448207, 17.3821], [78.448217, 17.381931], [78.449259, 17.381829], [78.450502, 17.381709], [78.450976, 17.381667], [78.451371, 17.381679], [78.452038, 17.381719], [78.452992, 17.381803], [78.452986, 17.381839], [78.453004, 17.382601], [78.453382, 17.38254], [78.453434, 17.382815], [78.453586, 17.382838], [78.453622, 17.383409], [78.453604, 17.3836], [78.453464, 17.383604], [78.453416, 17.384096], [78.453376, 17.384102], [78.453424, 17.384649], [78.453894, 17.385936], [78.453879, 17.386029], [78.454015, 17.386286], [78.454029, 17.386393], [78.454026, 17.386459], [78.454015, 17.38665], [78.454322, 17.387207], [78.454352, 17.387256], [78.454529, 17.387556], [78.454708, 17.387892], [78.455136, 17.389034], [78.455147, 17.389044], [78.455209, 17.389107], [78.455125, 17.389084], [78.454765, 17.38918]]]}}, {"type": "Feature", "id": "ps-22", "properties": {"source": "LawyerInsta Hyderabad PS map (https://www.lawyerinsta.com/hyderabad-ps-map) - RESEARCH COPY, NOT AUTHORITATIVE", "source_id": "ps-22", "slug": "mehdipatnam-police-station", "name": "Mehdipatnam Police Station", "ps_name": "Mehdipatnam", "commissionerate": "Hyderabad Commissionerate", "zone": "DCP Golconda Zone", "division": "ACP Asif Nagar", "ps_location": [78.442395, 17.395517], "has_geometry": true, "source_ring_count": 1, "geometry_interpretation": "single ring -> Polygon", "rings_closed_in_source": true, "our_ps_name": "Mehdipatnam", "our_match": "exact-key"}, "geometry": {"type": "Polygon", "coordinates": [[[78.419666, 17.408568], [78.419607, 17.409095], [78.419534, 17.409], [78.41944, 17.408858], [78.419435, 17.408851], [78.419311, 17.40866], [78.419282, 17.408617], [78.419262, 17.408266], [78.419225, 17.40826], [78.419172, 17.408079], [78.418973, 17.408089], [78.418976, 17.407955], [78.418799, 17.407923], [78.418799, 17.407922], [78.418737, 17.407915], [78.418706, 17.407907], [78.418691, 17.407867], [78.418288, 17.407933], [78.417958, 17.407987], [78.41798, 17.408087], [78.417857, 17.408112], [78.417623, 17.408065], [78.417459, 17.407985], [78.41729, 17.407817], [78.417225, 17.407688], [78.417199, 17.407393], [78.416624, 17.407386], [78.416588, 17.406769], [78.416453, 17.406267], [78.416145, 17.405436], [78.416354, 17.405301], [78.416315, 17.405211], [78.416598, 17.405135], [78.416641, 17.405117], [78.417378, 17.404907], [78.417378, 17.404906], [78.417381, 17.404905], [78.417375, 17.404879], [78.417366, 17.40485], [78.417259, 17.404516], [78.418024, 17.40437], [78.418005, 17.404178], [78.417931, 17.403444], [78.417756, 17.403378], [78.417668, 17.403353], [78.417445, 17.403268], [78.417223, 17.403125], [78.417233, 17.40307], [78.417306, 17.402899], [78.417245, 17.402878], [78.417274, 17.402782], [78.417319, 17.402667], [78.41736, 17.402564], [78.417366, 17.402548], [78.417488, 17.402264], [78.417526, 17.402188], [78.417555, 17.402088], [78.417555, 17.402035], [78.417541, 17.401902], [78.417507, 17.401783], [78.417455, 17.401593], [78.417351, 17.401286], [78.417345, 17.401269], [78.417184, 17.400936], [78.416912, 17.400522], [78.416522, 17.400013], [78.41602, 17.399397], [78.415851, 17.399189], [78.415591, 17.398856], [78.415519, 17.398777], [78.415621, 17.398699], [78.415827, 17.398587], [78.416108, 17.398498], [78.416352, 17.398432], [78.41653, 17.398396], [78.41672, 17.398359], [78.41696, 17.398327], [78.417501, 17.398334], [78.417874, 17.398323], [78.418091, 17.39829], [78.418354, 17.398221], [78.418538, 17.398156], [78.418632, 17.39811], [78.418745, 17.398029], [78.419047, 17.397775], [78.41984, 17.397315], [78.420279, 17.397105], [78.420935, 17.396899], [78.421283, 17.396818], [78.423124, 17.396522], [78.426713, 17.396075], [78.427675, 17.395856], [78.427695, 17.395851], [78.427847, 17.396005], [78.427967, 17.395991], [78.428107, 17.395982], [78.428381, 17.395963], [78.429205, 17.395901], [78.429442, 17.395885], [78.429914, 17.395853], [78.430604, 17.395815], [78.431056, 17.395787], [78.431618, 17.395755], [78.431854, 17.395833], [78.432111, 17.395851], [78.432279, 17.395826], [78.432439, 17.395773], [78.43265, 17.395669], [78.432957, 17.395494], [78.433, 17.395469], [78.433264, 17.395341], [78.433347, 17.39532], [78.433403, 17.395305], [78.434003, 17.39523], [78.435311, 17.395121], [78.435719, 17.395087], [78.437254, 17.394945], [78.438237, 17.394864], [78.43825, 17.394863], [78.438683, 17.394823], [78.43941, 17.394756], [78.439977, 17.394506], [78.440898, 17.394292], [78.441876, 17.394102], [78.442333, 17.393992], [78.442801, 17.393838], [78.443696, 17.393642], [78.444307, 17.393513], [78.444632, 17.393435], [78.444967, 17.393285], [78.445528, 17.393029], [78.445531, 17.393028], [78.446734, 17.392453], [78.447773, 17.39195], [78.448786, 17.39144], [78.448982, 17.391339], [78.449461, 17.391094], [78.449466, 17.391089], [78.44965, 17.390954], [78.449964, 17.390676], [78.450464, 17.390369], [78.450978, 17.390123], [78.451467, 17.389941], [78.452023, 17.389801], [78.453059, 17.389552], [78.453879, 17.389395], [78.454765, 17.38918], [78.455125, 17.389084], [78.455209, 17.389107], [78.455307, 17.38918], [78.455321, 17.389255], [78.455329, 17.389898], [78.455329, 17.390282], [78.455329, 17.390451], [78.455382, 17.391618], [78.455414, 17.391736], [78.455528, 17.391932], [78.45576, 17.392161], [78.456296, 17.392571], [78.456792, 17.39291], [78.457527, 17.393414], [78.458416, 17.394006], [78.458517, 17.39408], [78.458764, 17.394262], [78.459126, 17.394527], [78.459355, 17.394731], [78.459421, 17.394796], [78.459257, 17.394823], [78.459229, 17.394839], [78.459054, 17.394942], [78.458888, 17.395007], [78.458668, 17.395067], [78.458317, 17.39512], [78.458049, 17.395108], [78.457752, 17.395126], [78.457512, 17.39514], [78.457448, 17.395144], [78.457166, 17.395153], [78.456602, 17.395275], [78.455984, 17.39532], [78.455481, 17.395323], [78.455357, 17.395302], [78.455211, 17.395458], [78.455013, 17.395752], [78.454773, 17.396165], [78.454686, 17.39634], [78.454591, 17.396698], [78.454438, 17.397374], [78.454417, 17.397603], [78.454018, 17.398901], [78.453936, 17.39944], [78.453914, 17.399584], [78.453699, 17.401008], [78.453655, 17.401293], [78.453609, 17.4016], [78.45351, 17.402252], [78.4534, 17.403172], [78.453132, 17.403451], [78.453005, 17.403584], [78.45294, 17.403651], [78.452789, 17.403496], [78.452303, 17.402998], [78.452181, 17.402789], [78.451809, 17.402149], [78.450286, 17.399466], [78.450017, 17.399047], [78.449814, 17.398975], [78.449309, 17.398995], [78.44843, 17.399118], [78.447507, 17.399241], [78.446992, 17.3992], [78.446477, 17.399026], [78.446443, 17.399256], [78.446443, 17.40017], [78.446512, 17.401456], [78.446429, 17.401491], [78.446422, 17.401571], [78.446407, 17.401715], [78.446316, 17.40257], [78.44626, 17.403101], [78.446215, 17.403386], [78.446101, 17.404113], [78.445608, 17.40397], [78.445442, 17.404254], [78.445333, 17.404871], [78.445249, 17.405347], [78.445058, 17.405301], [78.444678, 17.405289], [78.444392, 17.405354], [78.44439, 17.405355], [78.444184, 17.405402], [78.444053, 17.405396], [78.443875, 17.405235], [78.443869, 17.405232], [78.443548, 17.405045], [78.443304, 17.404866], [78.443066, 17.404712], [78.442905, 17.404652], [78.442744, 17.404604], [78.442685, 17.404587], [78.442102, 17.404462], [78.441793, 17.404385], [78.441347, 17.404278], [78.441186, 17.404194], [78.441079, 17.404099], [78.440996, 17.404081], [78.440865, 17.404057], [78.440816, 17.404056], [78.44071, 17.404052], [78.440627, 17.404028], [78.440526, 17.403998], [78.440419, 17.403933], [78.440288, 17.403855], [78.440145, 17.403796], [78.439931, 17.403754], [78.439899, 17.403744], [78.4398, 17.403712], [78.439627, 17.403712], [78.439517, 17.403739], [78.439336, 17.403705], [78.439241, 17.403672], [78.439131, 17.403653], [78.439017, 17.403653], [78.43885, 17.403696], [78.438703, 17.403701], [78.438566, 17.403729], [78.438517, 17.403739], [78.438346, 17.403843], [78.438246, 17.403867], [78.438175, 17.403839], [78.43757, 17.403467], [78.437489, 17.403379], [78.437451, 17.403339], [78.437409, 17.403282], [78.437285, 17.403358], [78.437052, 17.403524], [78.437004, 17.403615], [78.43689, 17.403729], [78.436771, 17.40382], [78.436657, 17.403886], [78.436561, 17.403953], [78.436528, 17.403977], [78.43639, 17.404038], [78.436324, 17.40405], [78.436247, 17.404062], [78.436076, 17.404096], [78.435914, 17.404119], [78.435686, 17.404186], [78.435645, 17.404199], [78.435415, 17.404272], [78.435196, 17.40431], [78.434815, 17.404376], [78.434567, 17.404395], [78.434172, 17.404362], [78.434065, 17.404359], [78.433825, 17.404353], [78.433149, 17.404319], [78.432845, 17.404291], [78.432721, 17.404248], [78.432426, 17.404291], [78.432236, 17.404353], [78.43213, 17.404402], [78.432059, 17.404409], [78.431915, 17.404424], [78.431623, 17.404496], [78.431621, 17.404497], [78.431415, 17.404484], [78.430639, 17.404579], [78.43044, 17.404612], [78.430378, 17.404707], [78.430292, 17.404779], [78.42994, 17.404831], [78.429321, 17.404912], [78.42876, 17.404931], [78.428284, 17.405003], [78.427751, 17.405102], [78.426989, 17.40525], [78.426547, 17.405393], [78.426214, 17.405469], [78.425933, 17.405574], [78.426067, 17.405648], [78.426018, 17.405662], [78.426019, 17.405665], [78.426156, 17.406086], [78.426219, 17.406414], [78.426146, 17.406467], [78.426168, 17.406567], [78.426169, 17.40657], [78.426169, 17.406572], [78.426178, 17.406605], [78.425942, 17.406686], [78.425665, 17.406704], [78.425201, 17.4068], [78.424663, 17.406732], [78.424662, 17.406732], [78.424112, 17.406891], [78.424048, 17.406894], [78.424044, 17.406895], [78.423294, 17.407011], [78.422312, 17.407379], [78.422307, 17.407387], [78.422291, 17.407396], [78.421173, 17.407813], [78.420894, 17.407917], [78.420599, 17.408081], [78.420422, 17.408347], [78.420394, 17.408364], [78.419873, 17.408314], [78.419697, 17.408297], [78.419666, 17.408568]]]}}, {"type": "Feature", "id": "ps-23", "properties": {"source": "LawyerInsta Hyderabad PS map (https://www.lawyerinsta.com/hyderabad-ps-map) - RESEARCH COPY, NOT AUTHORITATIVE", "source_id": "ps-23", "slug": "habeebnagar-police-station", "name": "Habeebnagar Police Station", "ps_name": "Habeebnagar", "commissionerate": "Hyderabad Commissionerate", "zone": "DCP Golconda Zone", "division": "ACP Asif Nagar", "ps_location": [78.462826, 17.389843], "has_geometry": true, "source_ring_count": 1, "geometry_interpretation": "single ring -> Polygon", "rings_closed_in_source": true, "our_ps_name": "Habeebnagar", "our_match": "exact-key"}, "geometry": {"type": "Polygon", "coordinates": [[[78.460194, 17.394574], [78.459975, 17.394664], [78.459841, 17.394708], [78.459785, 17.394726], [78.459421, 17.394796], [78.459355, 17.394731], [78.459126, 17.394527], [78.458764, 17.394262], [78.458517, 17.39408], [78.458416, 17.394006], [78.457527, 17.393414], [78.456792, 17.39291], [78.456296, 17.392571], [78.45576, 17.392161], [78.455528, 17.391932], [78.455414, 17.391736], [78.455382, 17.391618], [78.455329, 17.390451], [78.455329, 17.390282], [78.455329, 17.389898], [78.455321, 17.389255], [78.455307, 17.38918], [78.455209, 17.389107], [78.45562, 17.388499], [78.455836, 17.388171], [78.456007, 17.38791], [78.456234, 17.387565], [78.456865, 17.386785], [78.457572, 17.385947], [78.458322, 17.385026], [78.458619, 17.384662], [78.459214, 17.384055], [78.459425, 17.383863], [78.45988, 17.383448], [78.460529, 17.382764], [78.460779, 17.382633], [78.461081, 17.382507], [78.461278, 17.382425], [78.461451, 17.382383], [78.462486, 17.382485], [78.463468, 17.382562], [78.46355, 17.38257], [78.464315, 17.382646], [78.46513, 17.382835], [78.46562, 17.382948], [78.465796, 17.38308], [78.465942, 17.383174], [78.466043, 17.383424], [78.466186, 17.383799], [78.466322, 17.384316], [78.466371, 17.38455], [78.466429, 17.384834], [78.466513, 17.38528], [78.466822, 17.386844], [78.4669, 17.387087], [78.467048, 17.387546], [78.467131, 17.387939], [78.467197, 17.388338], [78.46731, 17.388897], [78.467447, 17.389265], [78.46756, 17.389783], [78.467718, 17.390748], [78.467602, 17.390787], [78.467191, 17.390841], [78.466911, 17.390894], [78.466543, 17.390948], [78.466287, 17.391007], [78.466144, 17.391061], [78.465924, 17.39118], [78.465745, 17.391293], [78.46546, 17.391584], [78.465134, 17.39197], [78.465043, 17.392078], [78.4648, 17.392447], [78.464389, 17.392982], [78.463901, 17.39347], [78.463573, 17.393717], [78.463216, 17.393913], [78.462921, 17.394074], [78.462607, 17.394184], [78.462436, 17.394241], [78.462117, 17.394284], [78.461779, 17.394341], [78.461298, 17.394398], [78.461027, 17.394436], [78.460737, 17.394507], [78.460499, 17.394503], [78.460194, 17.394574]]]}}, {"type": "Feature", "id": "ps-24", "properties": {"source": "LawyerInsta Hyderabad PS map (https://www.lawyerinsta.com/hyderabad-ps-map) - RESEARCH COPY, NOT AUTHORITATIVE", "source_id": "ps-24", "slug": "masab-tank-police-station", "name": "Masab Tank Police Station", "ps_name": "Masab Tank", "commissionerate": "Hyderabad Commissionerate", "zone": "DCP Golconda Zone", "division": "ACP Asif Nagar", "ps_location": [78.458101, 17.3989], "has_geometry": true, "source_ring_count": 1, "geometry_interpretation": "single ring -> Polygon", "rings_closed_in_source": true, "our_ps_name": "Masab Tank", "our_match": "exact-key"}, "geometry": {"type": "Polygon", "coordinates": [[[78.457383, 17.407877], [78.457382, 17.407909], [78.457364, 17.408612], [78.457339, 17.408967], [78.457329, 17.409097], [78.456841, 17.409049], [78.455911, 17.408943], [78.45591, 17.408943], [78.455743, 17.40891], [78.454562, 17.408675], [78.453775, 17.408545], [78.453651, 17.408525], [78.45273, 17.408372], [78.452425, 17.408184], [78.452119, 17.407905], [78.451993, 17.407789], [78.451818, 17.407599], [78.451485, 17.407238], [78.451354, 17.407199], [78.451328, 17.407192], [78.451245, 17.407418], [78.451079, 17.407858], [78.451038, 17.407962], [78.451001, 17.408054], [78.450316, 17.408099], [78.448922, 17.408081], [78.447548, 17.408121], [78.446752, 17.408035], [78.446075, 17.408026], [78.445131, 17.407598], [78.44436, 17.407528], [78.444123, 17.407597], [78.444109, 17.405398], [78.444184, 17.405402], [78.44439, 17.405355], [78.444392, 17.405354], [78.444678, 17.405289], [78.445058, 17.405301], [78.445249, 17.405347], [78.445333, 17.404871], [78.445442, 17.404254], [78.445608, 17.40397], [78.446101, 17.404113], [78.446215, 17.403386], [78.44626, 17.403101], [78.446316, 17.40257], [78.446407, 17.401715], [78.446422, 17.401571], [78.446429, 17.401491], [78.446512, 17.401456], [78.446443, 17.40017], [78.446443, 17.399256], [78.446477, 17.399026], [78.446992, 17.3992], [78.447507, 17.399241], [78.44843, 17.399118], [78.449309, 17.398995], [78.449814, 17.398975], [78.450017, 17.399047], [78.450286, 17.399466], [78.451809, 17.402149], [78.452303, 17.402998], [78.452789, 17.403496], [78.45294, 17.403651], [78.453005, 17.403584], [78.45318, 17.403716], [78.453771, 17.404168], [78.454194, 17.404396], [78.454604, 17.404459], [78.454911, 17.404398], [78.455685, 17.404057], [78.456461, 17.403565], [78.456912, 17.403341], [78.457318, 17.403131], [78.457701, 17.40295], [78.457971, 17.402903], [78.458404, 17.402908], [78.458888, 17.402979], [78.459648, 17.403089], [78.459976, 17.403115], [78.460101, 17.40313], [78.46007, 17.403182], [78.45903, 17.404523], [78.458429, 17.404789], [78.458375, 17.405065], [78.458493, 17.40783], [78.45787, 17.407866], [78.457384, 17.40785], [78.457383, 17.407877]]]}}, {"type": "Feature", "id": "ps-25", "properties": {"source": "LawyerInsta Hyderabad PS map (https://www.lawyerinsta.com/hyderabad-ps-map) - RESEARCH COPY, NOT AUTHORITATIVE", "source_id": "ps-25", "slug": "goshamahal-police-station", "name": "Goshamahal Police Station", "ps_name": "Goshamahal", "commissionerate": "Hyderabad Commissionerate", "zone": "DCP Golconda Zone", "division": "ACP Goshamahal", "ps_location": [78.469306, 17.37626], "has_geometry": true, "source_ring_count": 1, "geometry_interpretation": "single ring -> Polygon", "rings_closed_in_source": true, "our_ps_name": "Goshamahal", "our_match": "exact-key"}, "geometry": {"type": "Polygon", "coordinates": [[[78.468891, 17.369805], [78.468891, 17.370662], [78.468895, 17.370912], [78.468934, 17.371072], [78.468959, 17.371254], [78.468973, 17.371326], [78.469041, 17.371415], [78.469027, 17.371568], [78.468979, 17.371838], [78.468931, 17.372105], [78.468709, 17.373214], [78.468652, 17.373417], [78.470155, 17.373763], [78.470377, 17.373803], [78.470511, 17.373828], [78.470811, 17.373903], [78.471093, 17.373977], [78.471221, 17.374024], [78.471425, 17.374099], [78.4718, 17.374256], [78.471975, 17.374334], [78.472182, 17.37447], [78.472257, 17.374552], [78.4724, 17.374583], [78.472482, 17.374604], [78.472699, 17.374644], [78.472792, 17.374676], [78.472892, 17.374697], [78.47317, 17.374754], [78.473417, 17.374819], [78.473577, 17.374879], [78.473684, 17.374958], [78.474339, 17.375417], [78.474906, 17.37579], [78.474987, 17.375843], [78.474248, 17.376151], [78.473983, 17.376262], [78.473666, 17.376401], [78.472833, 17.376824], [78.472304, 17.377062], [78.471453, 17.377353], [78.471525, 17.378162], [78.471632, 17.378775], [78.471781, 17.379597], [78.471846, 17.379953], [78.471899, 17.380179], [78.472137, 17.380567], [78.472274, 17.380791], [78.472411, 17.381267], [78.472554, 17.381981], [78.472103, 17.382064], [78.471299, 17.382213], [78.471107, 17.382247], [78.470835, 17.382296], [78.470442, 17.382398], [78.469633, 17.382558], [78.469056, 17.382641], [78.468045, 17.382725], [78.467295, 17.382832], [78.465796, 17.38308], [78.465758, 17.382901], [78.465674, 17.382669], [78.465371, 17.38205], [78.46517, 17.381583], [78.465044, 17.381289], [78.4648, 17.380765], [78.464288, 17.379772], [78.464187, 17.379486], [78.464062, 17.379195], [78.463937, 17.378767], [78.463832, 17.37825], [78.463777, 17.377981], [78.463569, 17.377387], [78.463402, 17.377113], [78.463236, 17.376488], [78.463123, 17.376016], [78.463057, 17.375739], [78.462789, 17.375073], [78.462682, 17.374739], [78.462599, 17.373817], [78.46251, 17.373139], [78.462444, 17.371926], [78.462355, 17.370819], [78.462349, 17.370772], [78.462147, 17.370647], [78.461391, 17.370359], [78.46113, 17.37026], [78.460523, 17.369969], [78.460312, 17.369867], [78.459869, 17.369653], [78.459786, 17.369627], [78.459089, 17.369404], [78.458328, 17.369106], [78.458018, 17.36889], [78.457798, 17.368737], [78.457692, 17.368827], [78.457925, 17.368581], [78.45801, 17.36838], [78.458274, 17.367757], [78.458282, 17.367739], [78.458897, 17.367741], [78.459641, 17.36793], [78.460336, 17.368106], [78.460858, 17.368124], [78.461229, 17.368296], [78.461737, 17.368422], [78.46242, 17.368574], [78.463001, 17.368833], [78.463669, 17.369116], [78.464238, 17.36935], [78.464844, 17.369585], [78.465192, 17.369685], [78.465927, 17.369611], [78.467085, 17.369542], [78.468167, 17.369555], [78.468891, 17.369805]]]}}, {"type": "Feature", "id": "ps-26", "properties": {"source": "LawyerInsta Hyderabad PS map (https://www.lawyerinsta.com/hyderabad-ps-map) - RESEARCH COPY, NOT AUTHORITATIVE", "source_id": "ps-26", "slug": "begum-bazar-police-station", "name": "Begum Bazar Police Station", "ps_name": "Begum Bazar", "commissionerate": "Hyderabad Commissionerate", "zone": "DCP Golconda Zone", "division": "ACP Goshamahal", "ps_location": [78.4705155, 17.382627], "has_geometry": true, "source_ring_count": 1, "geometry_interpretation": "single ring -> Polygon", "rings_closed_in_source": true, "our_ps_name": "Begumbazar", "our_match": "exact-key"}, "geometry": {"type": "Polygon", "coordinates": [[[78.471379, 17.390355], [78.470258, 17.391037], [78.470041, 17.391055], [78.470022, 17.39079], [78.470022, 17.390669], [78.470022, 17.390658], [78.470028, 17.390372], [78.469963, 17.390169], [78.46988, 17.390115], [78.469693, 17.390086], [78.469366, 17.390196], [78.468202, 17.390586], [78.467718, 17.390748], [78.46756, 17.389783], [78.467447, 17.389265], [78.46731, 17.388897], [78.467197, 17.388338], [78.467131, 17.387939], [78.467048, 17.387546], [78.4669, 17.387087], [78.466822, 17.386844], [78.466513, 17.38528], [78.466429, 17.384834], [78.466371, 17.38455], [78.466322, 17.384316], [78.466186, 17.383799], [78.466043, 17.383424], [78.465942, 17.383174], [78.465796, 17.38308], [78.467295, 17.382832], [78.468045, 17.382725], [78.469056, 17.382641], [78.469633, 17.382558], [78.470442, 17.382398], [78.470835, 17.382296], [78.471107, 17.382247], [78.471299, 17.382213], [78.472103, 17.382064], [78.472554, 17.381981], [78.472411, 17.381267], [78.472274, 17.380791], [78.472137, 17.380567], [78.471899, 17.380179], [78.471846, 17.379953], [78.471781, 17.379597], [78.471632, 17.378775], [78.471525, 17.378162], [78.471453, 17.377353], [78.472304, 17.377062], [78.472833, 17.376824], [78.473666, 17.376401], [78.473983, 17.376262], [78.474248, 17.376151], [78.474987, 17.375843], [78.475157, 17.37595], [78.475209, 17.376032], [78.475276, 17.376135], [78.475276, 17.376206], [78.47527, 17.376278], [78.475234, 17.376355], [78.47518, 17.376438], [78.475113, 17.376489], [78.475085, 17.37651], [78.475085, 17.377747], [78.475079, 17.378723], [78.474996, 17.378931], [78.474948, 17.379175], [78.474948, 17.379335], [78.475002, 17.379448], [78.475075, 17.379652], [78.475091, 17.379698], [78.475091, 17.380192], [78.475127, 17.381875], [78.47515, 17.383459], [78.475118, 17.383783], [78.474894, 17.383917], [78.474496, 17.384273], [78.473913, 17.384975], [78.472884, 17.386397], [78.472552, 17.386858], [78.472956, 17.386999], [78.473544, 17.387666], [78.473874, 17.388652], [78.4737, 17.388808], [78.472412, 17.389637], [78.471379, 17.390355]]]}}, {"type": "Feature", "id": "ps-27", "properties": {"source": "LawyerInsta Hyderabad PS map (https://www.lawyerinsta.com/hyderabad-ps-map) - RESEARCH COPY, NOT AUTHORITATIVE", "source_id": "ps-27", "slug": "afzalgunj-police-station", "name": "Afzalgunj Police Station", "ps_name": "Afzalgunj", "commissionerate": "Hyderabad Commissionerate", "zone": "DCP Golconda Zone", "division": "ACP Goshamahal", "ps_location": [78.475527, 17.372321], "has_geometry": true, "source_ring_count": 1, "geometry_interpretation": "single ring -> Polygon", "rings_closed_in_source": true, "our_ps_name": "Afzalgunj", "our_match": "exact-key"}, "geometry": {"type": "Polygon", "coordinates": [[[78.487827, 17.380596], [78.486439, 17.380619], [78.485583, 17.380667], [78.484897, 17.380819], [78.484003, 17.381086], [78.483156, 17.38139], [78.482299, 17.38179], [78.481176, 17.382361], [78.480262, 17.382808], [78.479862, 17.382942], [78.478844, 17.383075], [78.478006, 17.38317], [78.477064, 17.383284], [78.476407, 17.38337], [78.475798, 17.383503], [78.47532, 17.383662], [78.475118, 17.383783], [78.47515, 17.383459], [78.475127, 17.381875], [78.475091, 17.380192], [78.475091, 17.379698], [78.475075, 17.379652], [78.475002, 17.379448], [78.474948, 17.379335], [78.474948, 17.379175], [78.474996, 17.378931], [78.475079, 17.378723], [78.475085, 17.377747], [78.475085, 17.37651], [78.475113, 17.376489], [78.47518, 17.376438], [78.475234, 17.376355], [78.47527, 17.376278], [78.475276, 17.376206], [78.475276, 17.376135], [78.475209, 17.376032], [78.475157, 17.37595], [78.474987, 17.375843], [78.474906, 17.37579], [78.474339, 17.375417], [78.473684, 17.374958], [78.473577, 17.374879], [78.473417, 17.374819], [78.47317, 17.374754], [78.472892, 17.374697], [78.472792, 17.374676], [78.472699, 17.374644], [78.472482, 17.374604], [78.4724, 17.374583], [78.472257, 17.374552], [78.472182, 17.37447], [78.471975, 17.374334], [78.4718, 17.374256], [78.471425, 17.374099], [78.471221, 17.374024], [78.471093, 17.373977], [78.470811, 17.373903], [78.470511, 17.373828], [78.470377, 17.373803], [78.470155, 17.373763], [78.468652, 17.373417], [78.468709, 17.373214], [78.468931, 17.372105], [78.468979, 17.371838], [78.469027, 17.371568], [78.469041, 17.371415], [78.468973, 17.371326], [78.468959, 17.371254], [78.468934, 17.371072], [78.468895, 17.370912], [78.468891, 17.370662], [78.468891, 17.369805], [78.469001, 17.369828], [78.470888, 17.370216], [78.474893, 17.370815], [78.476685, 17.371205], [78.477376, 17.371478], [78.477635, 17.37158], [78.477808, 17.371648], [78.478355, 17.371814], [78.478647, 17.371929], [78.478912, 17.372033], [78.479662, 17.372262], [78.480144, 17.372409], [78.480425, 17.372571], [78.480873, 17.372814], [78.481296, 17.373061], [78.48181, 17.373385], [78.482177, 17.373651], [78.482386, 17.373851], [78.483685, 17.375217], [78.484675, 17.376212], [78.485432, 17.376907], [78.485893, 17.37742], [78.486022, 17.377601], [78.486293, 17.377915], [78.486593, 17.378268], [78.486812, 17.378467], [78.487169, 17.378753], [78.487395, 17.378826], [78.48796, 17.378898], [78.488537, 17.378975], [78.488876, 17.379076], [78.48943, 17.379332], [78.490013, 17.379683], [78.490411, 17.379814], [78.491071, 17.379855], [78.491801, 17.379955], [78.491664, 17.380924], [78.490865, 17.380714], [78.490106, 17.380675], [78.489951, 17.380667], [78.489839, 17.380663], [78.488885, 17.380629], [78.488263, 17.380597], [78.488133, 17.380591], [78.487827, 17.380596]]]}}, {"type": "Feature", "id": "ps-28", "properties": {"source": "LawyerInsta Hyderabad PS map (https://www.lawyerinsta.com/hyderabad-ps-map) - RESEARCH COPY, NOT AUTHORITATIVE", "source_id": "ps-28", "slug": "kulsumpura-police-station", "name": "Kulsumpura Police Station", "ps_name": "Kulsumpura", "commissionerate": "Hyderabad Commissionerate", "zone": "DCP Golconda Zone", "division": "ACP Kulsumpura", "ps_location": [78.447681, 17.369161], "has_geometry": true, "source_ring_count": 1, "geometry_interpretation": "single ring -> Polygon", "rings_closed_in_source": true, "our_ps_name": "Kulsumpura", "our_match": "exact-key"}, "geometry": {"type": "Polygon", "coordinates": [[[78.452995, 17.371587], [78.452533, 17.371651], [78.452248, 17.371715], [78.452248, 17.371716], [78.451912, 17.371792], [78.451484, 17.371892], [78.451009, 17.372018], [78.450891, 17.372049], [78.450413, 17.372213], [78.450188, 17.372311], [78.449906, 17.372434], [78.449342, 17.372749], [78.448578, 17.373148], [78.447907, 17.373577], [78.44765, 17.373677], [78.447065, 17.373826], [78.446472, 17.374005], [78.445966, 17.374141], [78.445509, 17.374255], [78.444831, 17.374419], [78.444131, 17.374576], [78.443239, 17.374733], [78.441932, 17.374897], [78.440576, 17.375061], [78.439256, 17.375268], [78.437671, 17.375461], [78.436387, 17.375557], [78.435087, 17.375868], [78.434274, 17.376076], [78.434219, 17.376085], [78.433377, 17.376229], [78.433278, 17.376079], [78.433016, 17.37568], [78.432843, 17.374716], [78.432861, 17.37449], [78.433754, 17.374429], [78.434801, 17.374095], [78.435495, 17.373791], [78.436238, 17.373524], [78.436971, 17.373096], [78.437913, 17.37243], [78.438922, 17.37144], [78.440911, 17.369203], [78.443167, 17.366946], [78.444214, 17.365679], [78.445813, 17.363604], [78.446936, 17.362177], [78.447736, 17.361111], [78.448526, 17.360378], [78.449097, 17.360064], [78.449716, 17.359892], [78.450163, 17.359797], [78.450648, 17.359797], [78.451191, 17.359854], [78.451791, 17.359997], [78.452438, 17.360216], [78.452876, 17.360397], [78.453437, 17.360854], [78.453885, 17.361282], [78.454598, 17.361948], [78.455179, 17.362681], [78.455588, 17.363538], [78.455997, 17.364518], [78.456397, 17.365251], [78.456599, 17.365725], [78.456818, 17.366241], [78.457601, 17.367216], [78.458274, 17.367757], [78.45801, 17.36838], [78.457925, 17.368581], [78.457692, 17.368827], [78.457525, 17.369002], [78.457189, 17.369323], [78.45634, 17.36988], [78.455426, 17.370444], [78.454441, 17.371108], [78.45387, 17.371486], [78.453706, 17.371579], [78.453542, 17.371579], [78.453099, 17.371572], [78.452995, 17.371587]]]}}, {"type": "Feature", "id": "ps-29", "properties": {"source": "LawyerInsta Hyderabad PS map (https://www.lawyerinsta.com/hyderabad-ps-map) - RESEARCH COPY, NOT AUTHORITATIVE", "source_id": "ps-29", "slug": "tappachabutra-police-station", "name": "Tappachabutra Police Station", "ps_name": "Tappachabutra", "commissionerate": "Hyderabad Commissionerate", "zone": "DCP Golconda Zone", "division": "ACP Kulsumpura", "ps_location": [78.448464, 17.374851], "has_geometry": true, "source_ring_count": 1, "geometry_interpretation": "single ring -> Polygon", "rings_closed_in_source": true, "our_ps_name": "Tappachabutra", "our_match": "exact-key"}, "geometry": {"type": "Polygon", "coordinates": [[[78.446169, 17.384069], [78.44615, 17.384172], [78.446098, 17.384869], [78.445877, 17.384828], [78.445585, 17.384745], [78.445203, 17.384616], [78.444745, 17.384479], [78.444578, 17.384465], [78.444195, 17.384443], [78.44338, 17.384393], [78.443007, 17.384321], [78.443029, 17.384183], [78.443011, 17.384054], [78.442978, 17.383919], [78.442898, 17.383909], [78.44261, 17.38391], [78.442545, 17.383876], [78.442481, 17.383832], [78.442382, 17.383807], [78.441974, 17.383801], [78.441506, 17.3838], [78.440844, 17.383806], [78.440401, 17.383819], [78.440222, 17.383831], [78.440017, 17.383853], [78.439858, 17.383827], [78.43967, 17.383796], [78.438648, 17.38385], [78.438621, 17.383658], [78.43859, 17.383423], [78.438534, 17.383165], [78.438496, 17.383179], [78.438114, 17.38335], [78.437789, 17.383496], [78.436983, 17.383858], [78.436539, 17.384029], [78.436491, 17.383637], [78.436388, 17.382806], [78.436404, 17.382725], [78.436431, 17.382582], [78.436472, 17.382482], [78.436729, 17.382299], [78.436956, 17.382039], [78.437416, 17.381208], [78.437668, 17.380551], [78.437801, 17.38006], [78.437921, 17.379237], [78.437948, 17.378596], [78.437846, 17.378641], [78.436145, 17.379393], [78.436131, 17.379319], [78.435923, 17.378218], [78.435885, 17.378228], [78.434832, 17.378498], [78.434742, 17.37822], [78.434368, 17.376676], [78.434246, 17.376171], [78.434219, 17.376085], [78.434274, 17.376076], [78.434633, 17.375984], [78.435087, 17.375868], [78.436387, 17.375557], [78.437671, 17.375461], [78.439256, 17.375268], [78.440576, 17.375061], [78.441932, 17.374897], [78.443239, 17.374733], [78.444131, 17.374576], [78.444831, 17.374419], [78.445509, 17.374255], [78.445966, 17.374141], [78.446472, 17.374005], [78.447065, 17.373826], [78.44765, 17.373677], [78.447907, 17.373577], [78.448578, 17.373148], [78.449342, 17.372749], [78.449906, 17.372434], [78.450188, 17.372311], [78.450413, 17.372213], [78.450891, 17.372049], [78.451009, 17.372018], [78.451484, 17.371892], [78.451912, 17.371792], [78.452248, 17.371716], [78.452533, 17.371651], [78.452772, 17.371619], [78.452799, 17.371788], [78.452891, 17.372357], [78.452902, 17.372391], [78.453028, 17.372773], [78.45309, 17.373002], [78.453105, 17.373059], [78.45332, 17.373315], [78.453897, 17.372982], [78.454451, 17.372671], [78.454491, 17.372648], [78.454501, 17.372685], [78.454516, 17.372744], [78.454551, 17.372875], [78.45464, 17.373267], [78.454711, 17.3736], [78.454711, 17.373999], [78.454711, 17.374617], [78.454694, 17.375254], [78.454515, 17.375319], [78.454306, 17.375354], [78.454265, 17.375361], [78.454051, 17.375355], [78.454033, 17.375426], [78.453986, 17.375825], [78.454111, 17.375998], [78.454217, 17.376155], [78.454384, 17.376402], [78.454395, 17.37661], [78.454402, 17.376747], [78.454361, 17.376896], [78.454319, 17.376979], [78.454117, 17.377169], [78.45401, 17.377247], [78.453986, 17.377354], [78.453986, 17.377503], [78.453956, 17.37758], [78.453975, 17.377824], [78.454004, 17.378187], [78.453956, 17.378202], [78.453908, 17.378216], [78.45396, 17.378452], [78.454105, 17.379115], [78.453971, 17.379142], [78.453843, 17.379168], [78.453813, 17.379376], [78.45373, 17.379567], [78.453648, 17.379946], [78.453647, 17.379953], [78.453625, 17.380071], [78.453581, 17.38031], [78.453593, 17.380774], [78.453614, 17.380959], [78.45367, 17.381452], [78.453855, 17.381803], [78.453487, 17.381803], [78.452992, 17.381803], [78.452038, 17.381719], [78.451371, 17.381679], [78.450976, 17.381667], [78.450502, 17.381709], [78.449259, 17.381829], [78.448217, 17.381931], [78.448207, 17.3821], [78.447438, 17.382131], [78.447077, 17.382093], [78.446899, 17.382026], [78.446668, 17.382726], [78.446552, 17.38304], [78.446392, 17.383386], [78.44632, 17.383593], [78.446169, 17.384069]]]}}, {"type": "Feature", "id": "ps-30", "properties": {"source": "LawyerInsta Hyderabad PS map (https://www.lawyerinsta.com/hyderabad-ps-map) - RESEARCH COPY, NOT AUTHORITATIVE", "source_id": "ps-30", "slug": "gudimalkapur-police-station", "name": "Gudimalkapur Police Station", "ps_name": "Gudimalkapur", "commissionerate": "Hyderabad Commissionerate", "zone": "DCP Golconda Zone", "division": "ACP Kulsumpura", "ps_location": [78.432967, 17.384869], "has_geometry": true, "source_ring_count": 1, "geometry_interpretation": "single ring -> Polygon", "rings_closed_in_source": true, "our_ps_name": "Gudimalkapur", "our_match": "exact-key"}, "geometry": {"type": "Polygon", "coordinates": [[[78.433278, 17.376079], [78.433377, 17.376229], [78.434219, 17.376085], [78.434246, 17.376171], [78.434368, 17.376676], [78.434742, 17.37822], [78.434832, 17.378498], [78.435885, 17.378228], [78.435923, 17.378218], [78.436131, 17.379319], [78.436145, 17.379393], [78.437846, 17.378641], [78.437948, 17.378596], [78.437921, 17.379237], [78.437801, 17.38006], [78.437668, 17.380551], [78.437416, 17.381208], [78.436956, 17.382039], [78.436729, 17.382299], [78.436472, 17.382482], [78.436431, 17.382582], [78.436404, 17.382725], [78.436388, 17.382806], [78.436491, 17.383637], [78.436539, 17.384029], [78.436552, 17.384115], [78.436681, 17.385138], [78.43638, 17.387841], [78.436681, 17.388742], [78.436466, 17.388947], [78.436552, 17.389439], [78.437625, 17.391937], [78.438225, 17.394804], [78.438237, 17.394864], [78.437254, 17.394945], [78.435719, 17.395087], [78.435311, 17.395121], [78.434003, 17.39523], [78.433403, 17.395305], [78.433347, 17.39532], [78.433264, 17.395341], [78.433, 17.395469], [78.432957, 17.395494], [78.43265, 17.395669], [78.432439, 17.395773], [78.432279, 17.395826], [78.432111, 17.395851], [78.431854, 17.395833], [78.431618, 17.395755], [78.431056, 17.395787], [78.430604, 17.395815], [78.429914, 17.395853], [78.429442, 17.395885], [78.429205, 17.395901], [78.428381, 17.395963], [78.428107, 17.395982], [78.427967, 17.395991], [78.427847, 17.396005], [78.427695, 17.395851], [78.427675, 17.395856], [78.427454, 17.395664], [78.427395, 17.395431], [78.427109, 17.394307], [78.426467, 17.391773], [78.427325, 17.390217], [78.429514, 17.387555], [78.429675, 17.387411], [78.429642, 17.387309], [78.429342, 17.379855], [78.429295, 17.376119], [78.429239, 17.372985], [78.432861, 17.37449], [78.432843, 17.374716], [78.433016, 17.37568], [78.433278, 17.376079]]]}}, {"type": "Feature", "id": "ps-31", "properties": {"source": "LawyerInsta Hyderabad PS map (https://www.lawyerinsta.com/hyderabad-ps-map) - RESEARCH COPY, NOT AUTHORITATIVE", "source_id": "ps-31", "slug": "mangalhat-police-station", "name": "Mangalhat Police Station", "ps_name": "Mangalhat", "commissionerate": "Hyderabad Commissionerate", "zone": "DCP Golconda Zone", "division": "ACP Kulsumpura", "ps_location": [78.460796, 17.378417], "has_geometry": true, "source_ring_count": 2, "geometry_interpretation": "2 disjoint rings -> MultiPolygon", "rings_closed_in_source": true, "our_ps_name": "Mangalhat", "our_match": "exact-key"}, "geometry": {"type": "MultiPolygon", "coordinates": [[[[78.452533, 17.371651], [78.452995, 17.371587], [78.453099, 17.371572], [78.453542, 17.371579], [78.453706, 17.371579], [78.45387, 17.371486], [78.454441, 17.371108], [78.455426, 17.370444], [78.45634, 17.36988], [78.457189, 17.369323], [78.457525, 17.369002], [78.457692, 17.368827], [78.457798, 17.368737], [78.458018, 17.36889], [78.458328, 17.369106], [78.459089, 17.369404], [78.459786, 17.369627], [78.459869, 17.369653], [78.460312, 17.369867], [78.460523, 17.369969], [78.46113, 17.37026], [78.461391, 17.370359], [78.462147, 17.370647], [78.462349, 17.370772], [78.462355, 17.370819], [78.462444, 17.371926], [78.46251, 17.373139], [78.462599, 17.373817], [78.462682, 17.374739], [78.462789, 17.375073], [78.463057, 17.375739], [78.463123, 17.376016], [78.463236, 17.376488], [78.463402, 17.377113], [78.463569, 17.377387], [78.463777, 17.377981], [78.463832, 17.37825], [78.463937, 17.378767], [78.464062, 17.379195], [78.464187, 17.379486], [78.464288, 17.379772], [78.4648, 17.380765], [78.465044, 17.381289], [78.46517, 17.381583], [78.465371, 17.38205], [78.465674, 17.382669], [78.465758, 17.382901], [78.465796, 17.38308], [78.46562, 17.382948], [78.46513, 17.382835], [78.464315, 17.382646], [78.46355, 17.38257], [78.463468, 17.382562], [78.462486, 17.382485], [78.461451, 17.382383], [78.461278, 17.382425], [78.461081, 17.382507], [78.460779, 17.382633], [78.460529, 17.382764], [78.45988, 17.383448], [78.459425, 17.383863], [78.459214, 17.384055], [78.458619, 17.384662], [78.458322, 17.385026], [78.457572, 17.385947], [78.456865, 17.386785], [78.456234, 17.387565], [78.456007, 17.38791], [78.455836, 17.388171], [78.45562, 17.388499], [78.455209, 17.389107], [78.455147, 17.389044], [78.455136, 17.389034], [78.454708, 17.387892], [78.454529, 17.387556], [78.454352, 17.387256], [78.454322, 17.387207], [78.454015, 17.38665], [78.454026, 17.386459], [78.454029, 17.386393], [78.454015, 17.386286], [78.453879, 17.386029], [78.453894, 17.385936], [78.453424, 17.384649], [78.453376, 17.384102], [78.453416, 17.384096], [78.453464, 17.383604], [78.453604, 17.3836], [78.453622, 17.383409], [78.453586, 17.382838], [78.453434, 17.382815], [78.453382, 17.38254], [78.453004, 17.382601], [78.452986, 17.381839], [78.452992, 17.381803], [78.453487, 17.381803], [78.453855, 17.381803], [78.45367, 17.381452], [78.453614, 17.380959], [78.453593, 17.380774], [78.453581, 17.38031], [78.453625, 17.380071], [78.453647, 17.379953], [78.453648, 17.379946], [78.45373, 17.379567], [78.453813, 17.379376], [78.453843, 17.379168], [78.453971, 17.379142], [78.454105, 17.379115], [78.45396, 17.378452], [78.453908, 17.378216], [78.453956, 17.378202], [78.454004, 17.378187], [78.453975, 17.377824], [78.453956, 17.37758], [78.453986, 17.377503], [78.453986, 17.377354], [78.45401, 17.377247], [78.454117, 17.377169], [78.454319, 17.376979], [78.454361, 17.376896], [78.454402, 17.376747], [78.454395, 17.37661], [78.454384, 17.376402], [78.454217, 17.376155], [78.454111, 17.375998], [78.453986, 17.375825], [78.454033, 17.375426], [78.454051, 17.375355], [78.454265, 17.375361], [78.454306, 17.375354], [78.454515, 17.375319], [78.454694, 17.375254], [78.454711, 17.374617], [78.454711, 17.373999], [78.454711, 17.3736], [78.45464, 17.373267], [78.454551, 17.372875], [78.454516, 17.372744], [78.454501, 17.372685], [78.454491, 17.372648], [78.454451, 17.372671], [78.453897, 17.372982], [78.45332, 17.373315], [78.453105, 17.373059], [78.45309, 17.373002], [78.453028, 17.372773], [78.452902, 17.372391], [78.452891, 17.372357], [78.452799, 17.371788], [78.452772, 17.371619], [78.452533, 17.371651]]], [[[78.452533, 17.371651], [78.452248, 17.371716], [78.452248, 17.371715], [78.452533, 17.371651]]]]}}, {"type": "Feature", "id": "ps-32", "properties": {"source": "LawyerInsta Hyderabad PS map (https://www.lawyerinsta.com/hyderabad-ps-map) - RESEARCH COPY, NOT AUTHORITATIVE", "source_id": "ps-32", "slug": "tolichowki-police-station", "name": "Tolichowki Police Station", "ps_name": "Tolichowki", "commissionerate": "Hyderabad Commissionerate", "zone": "DCP Golconda Zone", "division": "ACP Tolichowki", "ps_location": null, "has_geometry": false, "source_ring_count": 0, "our_ps_name": "Tolichowki", "our_match": "exact-key"}, "geometry": null}, {"type": "Feature", "id": "ps-33", "properties": {"source": "LawyerInsta Hyderabad PS map (https://www.lawyerinsta.com/hyderabad-ps-map) - RESEARCH COPY, NOT AUTHORITATIVE", "source_id": "ps-33", "slug": "golconda-police-station", "name": "Golconda Police Station", "ps_name": "Golconda", "commissionerate": "Hyderabad Commissionerate", "zone": "DCP Golconda Zone", "division": "ACP Tolichowki", "ps_location": [78.403828, 17.390073], "has_geometry": true, "source_ring_count": 1, "geometry_interpretation": "single ring -> Polygon", "rings_closed_in_source": true, "our_ps_name": "Golconda", "our_match": "exact-key"}, "geometry": {"type": "Polygon", "coordinates": [[[78.413541, 17.398642], [78.411636, 17.398716], [78.411023, 17.398781], [78.410889, 17.398811], [78.410701, 17.398847], [78.410363, 17.398928], [78.410343, 17.398934], [78.408968, 17.399396], [78.408854, 17.399433], [78.408841, 17.399438], [78.408829, 17.399441], [78.408504, 17.399547], [78.408117, 17.399597], [78.407679, 17.399521], [78.407179, 17.39932], [78.406544, 17.398936], [78.406464, 17.398877], [78.406112, 17.398552], [78.405923, 17.398377], [78.405614, 17.398153], [78.404114, 17.397697], [78.4027, 17.397465], [78.401548, 17.397405], [78.400602, 17.397426], [78.400493, 17.397429], [78.39984, 17.397745], [78.399626, 17.398087], [78.399429, 17.398342], [78.398038, 17.398439], [78.397968, 17.398137], [78.396908, 17.398137], [78.39625, 17.398157], [78.395864, 17.398037], [78.395341, 17.398074], [78.394286, 17.397716], [78.394197, 17.396611], [78.39413, 17.396079], [78.393316, 17.395509], [78.393277, 17.395151], [78.392591, 17.39507], [78.392804, 17.392792], [78.392921, 17.392766], [78.392976, 17.392799], [78.393077, 17.392756], [78.393226, 17.392698], [78.393382, 17.392637], [78.393661, 17.392579], [78.393755, 17.392562], [78.393774, 17.392543], [78.393803, 17.392485], [78.393769, 17.392385], [78.393731, 17.392238], [78.393588, 17.391681], [78.39345, 17.391262], [78.393374, 17.390929], [78.393341, 17.390772], [78.39336, 17.390591], [78.393322, 17.390472], [78.393241, 17.39042], [78.393139, 17.39044], [78.392965, 17.390506], [78.392727, 17.390577], [78.392337, 17.390691], [78.392199, 17.390706], [78.39208, 17.390687], [78.392061, 17.39044], [78.392085, 17.389326], [78.391694, 17.389211], [78.39068, 17.388936], [78.3899, 17.388597], [78.389362, 17.388407], [78.389025, 17.388231], [78.388225, 17.387601], [78.387961, 17.387598], [78.387388, 17.387568], [78.38699, 17.387515], [78.385898, 17.38687], [78.385774, 17.386926], [78.385627, 17.386994], [78.385236, 17.387184], [78.384761, 17.387336], [78.384485, 17.387398], [78.384332, 17.387393], [78.384261, 17.387365], [78.384167, 17.38727], [78.383709, 17.386808], [78.383595, 17.386675], [78.383552, 17.386599], [78.383552, 17.386465], [78.383557, 17.386361], [78.38359, 17.386223], [78.383633, 17.386089], [78.383614, 17.38588], [78.383542, 17.385799], [78.383442, 17.385752], [78.383319, 17.385704], [78.383133, 17.385623], [78.382767, 17.385395], [78.382024, 17.384981], [78.381721, 17.384748], [78.380796, 17.384038], [78.380686, 17.384116], [78.380463, 17.384224], [78.380221, 17.384338], [78.380049, 17.384386], [78.379911, 17.384381], [78.379699, 17.384305], [78.37954, 17.384248], [78.379307, 17.384195], [78.379078, 17.38411], [78.378926, 17.384029], [78.378812, 17.383924], [78.378517, 17.383643], [78.378265, 17.383401], [78.378031, 17.383253], [78.377841, 17.383158], [78.377651, 17.383091], [78.37736, 17.383001], [78.376989, 17.382963], [78.376789, 17.382891], [78.376337, 17.382739], [78.376133, 17.382682], [78.375947, 17.38263], [78.375742, 17.38262], [78.375585, 17.38262], [78.375109, 17.382587], [78.374895, 17.382563], [78.374695, 17.382501], [78.374529, 17.382411], [78.374405, 17.382397], [78.37431, 17.382458], [78.374105, 17.382625], [78.373909, 17.382794], [78.373801, 17.382887], [78.373596, 17.38291], [78.373406, 17.382902], [78.373168, 17.382891], [78.372992, 17.382901], [78.372816, 17.382953], [78.372592, 17.383068], [78.37233, 17.383063], [78.371978, 17.383068], [78.371868, 17.383078], [78.371574, 17.383106], [78.371378, 17.383106], [78.371145, 17.383091], [78.370926, 17.383068], [78.370798, 17.383029], [78.370589, 17.382982], [78.370441, 17.382949], [78.370336, 17.382963], [78.370117, 17.382949], [78.369989, 17.38292], [78.369898, 17.382858], [78.369703, 17.382753], [78.369653, 17.382736], [78.369499, 17.382682], [78.369294, 17.382615], [78.369094, 17.382587], [78.368963, 17.382574], [78.368566, 17.38135], [78.368357, 17.380893], [78.368019, 17.380388], [78.367951, 17.380434], [78.367224, 17.380902], [78.367155, 17.380678], [78.366946, 17.380034], [78.366861, 17.379591], [78.366696, 17.379177], [78.366609, 17.378984], [78.366468, 17.378621], [78.366388, 17.37841], [78.366308, 17.378208], [78.366125, 17.377576], [78.366061, 17.377278], [78.367046, 17.376936], [78.368517, 17.376229], [78.370073, 17.375522], [78.371029, 17.375037], [78.371651, 17.374587], [78.372, 17.374252], [78.372457, 17.373859], [78.373185, 17.373276], [78.373428, 17.373081], [78.373749, 17.37296], [78.374013, 17.372967], [78.374206, 17.373017], [78.374713, 17.373124], [78.374748, 17.37312], [78.374991, 17.373095], [78.37547, 17.37286], [78.375526, 17.372824], [78.376105, 17.37246], [78.376633, 17.372232], [78.377019, 17.372232], [78.3772, 17.372227], [78.377889, 17.37221], [78.378032, 17.372219], [78.378118, 17.372225], [78.378204, 17.372253], [78.378285, 17.372661], [78.378418, 17.373324], [78.378603, 17.373666], [78.378775, 17.373766], [78.379046, 17.373795], [78.379874, 17.37358], [78.38103, 17.373281], [78.382713, 17.372913], [78.382922, 17.372867], [78.384207, 17.372524], [78.384835, 17.37231], [78.384888, 17.372285], [78.385249, 17.37211], [78.385999, 17.371739], [78.386898, 17.371311], [78.387532, 17.371113], [78.387676, 17.371068], [78.388133, 17.371011], [78.388504, 17.370961], [78.388933, 17.370918], [78.389696, 17.370918], [78.390289, 17.370947], [78.392323, 17.371011], [78.393701, 17.371054], [78.39535, 17.371125], [78.395936, 17.371057], [78.396949, 17.37094], [78.397948, 17.370811], [78.398391, 17.370811], [78.398784, 17.370854], [78.399048, 17.37094], [78.399455, 17.371204], [78.400268, 17.372018], [78.400609, 17.372346], [78.401046, 17.372767], [78.401489, 17.373045], [78.401775, 17.373088], [78.402139, 17.37306], [78.402396, 17.372981], [78.402902, 17.372731], [78.40388, 17.372282], [78.404932, 17.371799], [78.40498, 17.371896], [78.405579, 17.37296], [78.405656, 17.37312], [78.405758, 17.373096], [78.406363, 17.373039], [78.407024, 17.373024], [78.407795, 17.373043], [78.4084, 17.373062], [78.40849, 17.373066], [78.409218, 17.373096], [78.410141, 17.373086], [78.410496, 17.373063], [78.410584, 17.373058], [78.410801, 17.373044], [78.410804, 17.373104], [78.410941, 17.374867], [78.410966, 17.375295], [78.411419, 17.37529], [78.411661, 17.375309], [78.411794, 17.375342], [78.412865, 17.375918], [78.41302, 17.376027], [78.413089, 17.376075], [78.413398, 17.376456], [78.413741, 17.37696], [78.413355, 17.377841], [78.413296, 17.378116], [78.41327, 17.378236], [78.412969, 17.37872], [78.41288, 17.378864], [78.412528, 17.379243], [78.412518, 17.379254], [78.412516, 17.37926], [78.412413, 17.379568], [78.412299, 17.380101], [78.412104, 17.381039], [78.412037, 17.381681], [78.412047, 17.382262], [78.41208, 17.382909], [78.4122, 17.38352], [78.412275, 17.383903], [78.412308, 17.384213], [78.411595, 17.384993], [78.411693, 17.385152], [78.412746, 17.385856], [78.413209, 17.386064], [78.413649, 17.386235], [78.413685, 17.386243], [78.414267, 17.386386], [78.415236, 17.386645], [78.415257, 17.386748], [78.415892, 17.388505], [78.415999, 17.388863], [78.416243, 17.389679], [78.41632, 17.389921], [78.416519, 17.3906], [78.41683, 17.391492], [78.416847, 17.391492], [78.416937, 17.391496], [78.417154, 17.392151], [78.417229, 17.392454], [78.417318, 17.392805], [78.417306, 17.392847], [78.417353, 17.393064], [78.417377, 17.393146], [78.417923, 17.393043], [78.418077, 17.393846], [78.417912, 17.393884], [78.418021, 17.394324], [78.418083, 17.394316], [78.418332, 17.395422], [78.418468, 17.396125], [78.418566, 17.396058], [78.418646, 17.396003], [78.419047, 17.397775], [78.418745, 17.398029], [78.418632, 17.39811], [78.418538, 17.398156], [78.418354, 17.398221], [78.418091, 17.39829], [78.417874, 17.398323], [78.417501, 17.398334], [78.41696, 17.398327], [78.41672, 17.398359], [78.41653, 17.398396], [78.416352, 17.398432], [78.416108, 17.398498], [78.415827, 17.398587], [78.415621, 17.398699], [78.415327, 17.398682], [78.414175, 17.398619], [78.413541, 17.398642]]]}}, {"type": "Feature", "id": "ps-34", "properties": {"source": "LawyerInsta Hyderabad PS map (https://www.lawyerinsta.com/hyderabad-ps-map) - RESEARCH COPY, NOT AUTHORITATIVE", "source_id": "ps-34", "slug": "langar-house-police-station", "name": "Langar House Police Station", "ps_name": "Langar House", "commissionerate": "Hyderabad Commissionerate", "zone": "DCP Golconda Zone", "division": "ACP Tolichowki", "ps_location": [78.421686, 17.3780481], "has_geometry": true, "source_ring_count": 1, "geometry_interpretation": "single ring -> Polygon", "rings_closed_in_source": true, "our_ps_name": "Langar House", "our_match": "exact-key"}, "geometry": {"type": "Polygon", "coordinates": [[[78.423124, 17.396522], [78.422632, 17.396601], [78.421283, 17.396818], [78.420935, 17.396899], [78.420279, 17.397105], [78.41984, 17.397315], [78.419058, 17.397769], [78.419047, 17.397775], [78.418646, 17.396003], [78.418566, 17.396058], [78.418468, 17.396125], [78.418332, 17.395422], [78.418083, 17.394316], [78.418021, 17.394324], [78.417912, 17.393884], [78.418077, 17.393846], [78.417923, 17.393043], [78.417377, 17.393146], [78.417353, 17.393064], [78.417306, 17.392847], [78.417318, 17.392805], [78.417229, 17.392454], [78.417154, 17.392151], [78.416937, 17.391496], [78.416847, 17.391492], [78.41683, 17.391492], [78.416519, 17.3906], [78.41632, 17.389921], [78.416243, 17.389679], [78.415999, 17.388863], [78.415892, 17.388505], [78.415257, 17.386748], [78.415236, 17.386645], [78.414267, 17.386386], [78.413685, 17.386243], [78.413649, 17.386235], [78.413209, 17.386064], [78.412746, 17.385856], [78.411693, 17.385152], [78.411595, 17.384993], [78.412104, 17.384436], [78.412308, 17.384213], [78.412277, 17.383923], [78.412275, 17.383903], [78.41208, 17.382909], [78.412047, 17.382262], [78.412037, 17.381681], [78.412104, 17.381039], [78.412299, 17.380101], [78.412413, 17.379568], [78.412516, 17.37926], [78.412518, 17.379254], [78.412528, 17.379243], [78.41288, 17.378864], [78.412969, 17.37872], [78.41327, 17.378236], [78.413296, 17.378116], [78.413355, 17.377841], [78.413741, 17.37696], [78.413398, 17.376456], [78.413089, 17.376075], [78.41302, 17.376027], [78.412865, 17.375918], [78.411794, 17.375342], [78.411661, 17.375309], [78.411419, 17.37529], [78.410966, 17.375295], [78.410941, 17.374867], [78.410804, 17.373104], [78.410801, 17.373044], [78.411751, 17.372998], [78.411739, 17.372963], [78.411758, 17.372773], [78.411729, 17.372477], [78.412055, 17.371549], [78.412265, 17.370926], [78.414457, 17.370912], [78.414871, 17.370948], [78.415328, 17.37099], [78.417755, 17.371297], [78.418947, 17.37144], [78.421372, 17.371699], [78.422911, 17.371799], [78.425146, 17.371985], [78.426202, 17.372142], [78.427187, 17.372363], [78.428415, 17.372699], [78.428863, 17.372848], [78.429239, 17.372985], [78.429295, 17.376119], [78.429342, 17.379855], [78.429463, 17.382851], [78.429642, 17.387309], [78.429675, 17.387411], [78.429514, 17.387555], [78.428786, 17.38844], [78.427325, 17.390217], [78.426467, 17.391773], [78.427109, 17.394307], [78.427395, 17.395431], [78.427454, 17.395664], [78.427675, 17.395856], [78.426713, 17.396075], [78.423124, 17.396522]]]}}, {"type": "Feature", "id": "ps-35", "properties": {"source": "LawyerInsta Hyderabad PS map (https://www.lawyerinsta.com/hyderabad-ps-map) - RESEARCH COPY, NOT AUTHORITATIVE", "source_id": "ps-35", "slug": "chandrayangutta-police-station", "name": "Chandrayangutta Police Station", "ps_name": "Chandrayangutta", "commissionerate": "Hyderabad Commissionerate", "zone": "DCP Rajendranagar Zone", "division": "ACP Chandrayangutta", "ps_location": [78.479804, 17.324938], "has_geometry": true, "source_ring_count": 1, "geometry_interpretation": "single ring -> Polygon", "rings_closed_in_source": true, "our_ps_name": "Chandrayangutta", "our_match": "exact-key"}, "geometry": {"type": "Polygon", "coordinates": [[[78.492435, 17.346385], [78.491683, 17.346806], [78.490285, 17.347146], [78.489958, 17.347357], [78.48987, 17.347585], [78.489865, 17.347994], [78.48994, 17.348475], [78.490065, 17.349165], [78.490247, 17.350056], [78.490363, 17.350861], [78.489805, 17.351025], [78.489402, 17.349732], [78.488377, 17.348238], [78.487152, 17.346836], [78.486432, 17.346138], [78.486421, 17.346127], [78.485776, 17.345175], [78.484678, 17.343918], [78.483307, 17.342295], [78.482093, 17.340846], [78.480151, 17.338699], [78.477269, 17.335484], [78.477526, 17.335258], [78.477784, 17.334931], [78.477714, 17.334572], [78.477703, 17.334328], [78.477897, 17.334288], [78.47787, 17.334101], [78.477602, 17.334011], [78.477457, 17.333737], [78.477163, 17.333404], [78.477016, 17.333201], [78.477194, 17.332903], [78.477041, 17.332789], [78.476902, 17.332685], [78.476833, 17.332637], [78.476716, 17.332553], [78.476655, 17.332478], [78.476627, 17.332393], [78.476616, 17.332311], [78.476616, 17.332196], [78.476662, 17.331964], [78.47667, 17.331793], [78.476648, 17.331633], [78.476595, 17.331436], [78.476548, 17.331308], [78.476445, 17.331197], [78.476316, 17.331108], [78.476209, 17.331065], [78.476077, 17.331054], [78.475902, 17.331079], [78.475592, 17.33114], [78.475591, 17.33114], [78.475249, 17.331215], [78.475113, 17.331218], [78.475021, 17.331186], [78.474939, 17.331122], [78.474567, 17.33069], [78.474532, 17.330646], [78.474081, 17.330073], [78.474064, 17.330051], [78.473796, 17.329573], [78.473664, 17.329387], [78.473664, 17.32928], [78.473746, 17.329114], [78.4738, 17.328995], [78.473804, 17.328852], [78.473782, 17.328669], [78.473779, 17.328643], [78.473771, 17.328581], [78.473754, 17.32841], [78.473702, 17.328315], [78.474227, 17.327944], [78.474338, 17.32785], [78.474555, 17.327601], [78.474691, 17.327478], [78.475048, 17.327225], [78.475469, 17.326996], [78.476472, 17.326531], [78.476875, 17.326182], [78.476982, 17.326079], [78.47738, 17.325629], [78.477541, 17.325495], [78.477543, 17.325494], [78.47764, 17.325408], [78.47775, 17.325321], [78.479006, 17.324908], [78.47916, 17.324847], [78.479347, 17.324773], [78.479607, 17.324622], [78.479754, 17.324498], [78.479815, 17.324365], [78.479923, 17.324108], [78.480023, 17.323444], [78.480159, 17.32276], [78.480264, 17.32202], [78.480327, 17.321909], [78.480345, 17.321758], [78.480299, 17.321346], [78.480252, 17.321104], [78.480154, 17.320859], [78.479991, 17.320164], [78.479819, 17.319348], [78.479478, 17.316983], [78.479215, 17.316183], [78.478159, 17.314014], [78.477996, 17.313678], [78.477761, 17.312937], [78.477218, 17.311867], [78.477214, 17.31186], [78.476653, 17.310757], [78.477249, 17.310628], [78.477995, 17.310756], [78.478865, 17.310945], [78.479268, 17.311039], [78.47977, 17.310746], [78.480916, 17.308725], [78.481038, 17.308557], [78.481647, 17.30859], [78.482323, 17.308714], [78.482345, 17.308945], [78.48238, 17.309423], [78.482532, 17.310637], [78.483603, 17.310523], [78.483877, 17.310547], [78.48389, 17.31055], [78.484045, 17.310569], [78.485232, 17.310716], [78.485579, 17.310769], [78.485659, 17.310782], [78.485979, 17.310835], [78.486088, 17.310878], [78.486169, 17.31094], [78.48635, 17.311073], [78.486493, 17.31115], [78.48685, 17.311345], [78.487169, 17.311559], [78.487097, 17.311654], [78.486802, 17.31203], [78.486578, 17.312353], [78.48646, 17.312525], [78.486326, 17.312772], [78.486299, 17.312875], [78.486241, 17.313115], [78.486169, 17.313267], [78.485912, 17.313658], [78.48582, 17.313871], [78.48575, 17.314033], [78.485692, 17.314304], [78.485636, 17.314566], [78.485555, 17.314881], [78.485422, 17.315509], [78.485383, 17.315692], [78.485289, 17.316127], [78.485284, 17.316327], [78.485189, 17.316908], [78.485141, 17.317108], [78.484913, 17.31755], [78.484803, 17.317764], [78.484703, 17.318017], [78.484651, 17.318155], [78.484585, 17.318402], [78.484332, 17.318903], [78.484304, 17.318959], [78.484218, 17.319244], [78.484195, 17.319394], [78.484161, 17.319611], [78.484104, 17.319958], [78.484286, 17.31991], [78.484494, 17.319854], [78.484746, 17.319835], [78.485056, 17.319835], [78.485365, 17.319868], [78.485812, 17.319939], [78.48606, 17.319944], [78.486184, 17.319968], [78.486369, 17.320001], [78.486526, 17.320001], [78.486717, 17.319977], [78.486821, 17.319935], [78.486912, 17.319873], [78.487121, 17.31973], [78.487354, 17.319592], [78.487644, 17.319473], [78.487863, 17.319397], [78.488106, 17.319359], [78.488463, 17.319292], [78.488901, 17.319244], [78.489105, 17.319244], [78.489346, 17.319296], [78.489348, 17.319297], [78.489548, 17.319316], [78.4897, 17.319297], [78.489932, 17.319242], [78.489943, 17.31924], [78.490176, 17.319183], [78.49039, 17.319145], [78.490628, 17.319116], [78.490781, 17.319116], [78.490903, 17.319153], [78.490599, 17.319556], [78.49037, 17.31996], [78.490641, 17.320641], [78.490588, 17.320719], [78.490364, 17.320972], [78.489941, 17.32149], [78.489565, 17.321933], [78.489184, 17.322394], [78.488873, 17.322809], [78.488691, 17.323024], [78.488405, 17.323383], [78.487976, 17.323907], [78.487448, 17.324549], [78.487286, 17.324701], [78.487292, 17.324835], [78.487301, 17.325237], [78.487281, 17.325627], [78.487269, 17.325943], [78.487247, 17.326254], [78.487194, 17.326515], [78.48711, 17.326718], [78.487056, 17.326847], [78.486929, 17.327082], [78.486754, 17.32733], [78.486638, 17.327609], [78.486533, 17.32798], [78.486471, 17.328363], [78.486413, 17.328789], [78.486367, 17.329172], [78.48635, 17.329605], [78.486295, 17.330067], [78.486303, 17.330293], [78.487194, 17.330649], [78.487242, 17.330669], [78.487222, 17.331033], [78.487175, 17.331702], [78.487145, 17.332143], [78.487253, 17.332431], [78.487608, 17.33283], [78.487777, 17.333179], [78.487675, 17.333357], [78.487609, 17.333643], [78.487568, 17.333941], [78.487342, 17.334105], [78.487362, 17.334428], [78.487435, 17.334585], [78.487795, 17.334601], [78.488018, 17.334664], [78.488092, 17.335122], [78.488134, 17.335669], [78.488193, 17.335985], [78.488193, 17.33608], [78.488097, 17.336365], [78.488086, 17.336609], [78.488068, 17.336903], [78.488174, 17.337347], [78.488263, 17.338065], [78.488307, 17.338531], [78.488451, 17.338892], [78.488473, 17.339083], [78.488869, 17.339625], [78.489109, 17.340273], [78.489699, 17.340806], [78.490266, 17.341172], [78.490782, 17.34168], [78.490951, 17.342041], [78.490971, 17.342447], [78.491039, 17.342926], [78.491155, 17.343549], [78.491449, 17.343887], [78.491917, 17.344228], [78.492408, 17.344712], [78.492674, 17.345289], [78.492664, 17.346005], [78.492435, 17.346385]]]}}, {"type": "Feature", "id": "ps-36", "properties": {"source": "LawyerInsta Hyderabad PS map (https://www.lawyerinsta.com/hyderabad-ps-map) - RESEARCH COPY, NOT AUTHORITATIVE", "source_id": "ps-36", "slug": "bandlaguda-police-station", "name": "Bandlaguda Police Station", "ps_name": "Bandlaguda", "commissionerate": "Hyderabad Commissionerate", "zone": "DCP Rajendranagar Zone", "division": "ACP Chandrayangutta", "ps_location": [78.467622, 17.320496], "has_geometry": true, "source_ring_count": 1, "geometry_interpretation": "single ring -> Polygon", "rings_closed_in_source": true, "our_ps_name": "Bandlaguda", "our_match": "exact-key"}, "geometry": {"type": "Polygon", "coordinates": [[[78.479215, 17.316183], [78.479478, 17.316983], [78.479819, 17.319348], [78.479991, 17.320164], [78.480154, 17.320859], [78.480252, 17.321104], [78.480299, 17.321346], [78.480345, 17.321758], [78.480327, 17.321909], [78.480264, 17.32202], [78.480159, 17.32276], [78.480023, 17.323444], [78.479923, 17.324108], [78.479815, 17.324365], [78.479754, 17.324498], [78.479607, 17.324622], [78.479347, 17.324773], [78.47916, 17.324847], [78.479006, 17.324908], [78.47775, 17.325321], [78.47764, 17.325408], [78.477543, 17.325494], [78.477541, 17.325495], [78.47738, 17.325629], [78.476982, 17.326079], [78.476875, 17.326182], [78.476472, 17.326531], [78.475469, 17.326996], [78.475048, 17.327225], [78.474691, 17.327478], [78.474555, 17.327601], [78.474338, 17.32785], [78.474227, 17.327944], [78.473702, 17.328315], [78.472319, 17.32915], [78.471975, 17.329285], [78.471213, 17.328404], [78.470238, 17.327476], [78.469018, 17.326513], [78.467775, 17.325513], [78.466769, 17.32471], [78.465669, 17.32383], [78.464711, 17.323068], [78.463968, 17.322485], [78.463634, 17.32223], [78.463586, 17.322196], [78.464146, 17.321912], [78.466226, 17.32086], [78.466456, 17.3207], [78.467126, 17.320431], [78.466976, 17.319834], [78.466402, 17.317624], [78.465845, 17.316037], [78.464921, 17.315294], [78.464085, 17.31482], [78.462951, 17.314507], [78.461904, 17.314689], [78.46128, 17.314656], [78.461323, 17.314473], [78.460872, 17.311274], [78.460647, 17.309656], [78.458289, 17.308102], [78.456972, 17.308261], [78.456372, 17.307077], [78.456371, 17.304951], [78.456952, 17.304356], [78.459878, 17.30143], [78.461441, 17.299652], [78.462537, 17.298667], [78.463948, 17.298104], [78.465319, 17.297905], [78.466015, 17.297971], [78.466897, 17.297911], [78.471874, 17.300935], [78.471851, 17.302572], [78.471121, 17.305051], [78.47069, 17.305621], [78.470927, 17.306208], [78.471068, 17.30671], [78.471492, 17.30763], [78.470913, 17.307968], [78.470587, 17.308665], [78.469913, 17.310875], [78.470411, 17.312255], [78.471349, 17.312574], [78.47227, 17.312906], [78.472829, 17.312657], [78.473548, 17.311744], [78.474119, 17.31111], [78.47479, 17.310774], [78.475444, 17.310795], [78.476028, 17.310918], [78.476206, 17.310864], [78.476577, 17.310751], [78.476644, 17.310739], [78.476653, 17.310757], [78.477214, 17.31186], [78.477218, 17.311867], [78.477761, 17.312937], [78.477996, 17.313678], [78.478159, 17.314014], [78.479215, 17.316183]]]}}, {"type": "Feature", "id": "ps-37", "properties": {"source": "LawyerInsta Hyderabad PS map (https://www.lawyerinsta.com/hyderabad-ps-map) - RESEARCH COPY, NOT AUTHORITATIVE", "source_id": "ps-37", "slug": "kanchanbagh-police-station", "name": "Kanchanbagh Police Station", "ps_name": "Kanchanbagh", "commissionerate": "Hyderabad Commissionerate", "zone": "DCP Rajendranagar Zone", "division": "ACP Chandrayangutta", "ps_location": [78.508476, 17.334076], "has_geometry": true, "source_ring_count": 1, "geometry_interpretation": "single ring -> Polygon", "rings_closed_in_source": true, "our_ps_name": "Kanchanbagh", "our_match": "exact-key"}, "geometry": {"type": "Polygon", "coordinates": [[[78.487286, 17.324701], [78.487448, 17.324549], [78.487976, 17.323907], [78.488405, 17.323383], [78.488643, 17.323083], [78.488691, 17.323024], [78.488873, 17.322809], [78.489184, 17.322394], [78.489565, 17.321933], [78.489941, 17.32149], [78.490364, 17.320972], [78.490588, 17.320719], [78.490641, 17.320641], [78.490652, 17.320641], [78.490708, 17.320571], [78.490837, 17.320499], [78.490849, 17.320494], [78.490994, 17.320428], [78.49127, 17.320356], [78.491607, 17.320304], [78.491623, 17.320302], [78.492079, 17.320242], [78.49219, 17.320217], [78.49235, 17.32018], [78.49255, 17.32009], [78.492583, 17.320068], [78.492685, 17.319998], [78.492907, 17.319847], [78.493321, 17.31949], [78.493739, 17.319143], [78.494092, 17.318853], [78.494258, 17.318643], [78.494387, 17.318379], [78.494429, 17.318291], [78.494615, 17.317891], [78.494891, 17.317317], [78.494991, 17.316692], [78.495015, 17.316369], [78.495086, 17.316135], [78.495347, 17.315637], [78.495386, 17.315564], [78.495462, 17.315681], [78.495519, 17.315769], [78.495571, 17.315723], [78.495657, 17.315645], [78.496086, 17.315431], [78.495976, 17.315074], [78.496067, 17.314993], [78.496319, 17.314888], [78.496619, 17.314774], [78.496785, 17.314731], [78.49683, 17.314781], [78.496933, 17.314893], [78.497294, 17.314503], [78.497584, 17.314203], [78.497865, 17.313913], [78.497868, 17.313971], [78.497923, 17.315236], [78.498356, 17.31521], [78.49905, 17.315169], [78.49906, 17.315507], [78.499088, 17.316454], [78.499526, 17.316459], [78.499555, 17.315909], [78.499555, 17.315907], [78.499557, 17.315907], [78.499669, 17.315888], [78.499585, 17.314574], [78.499583, 17.314555], [78.499669, 17.314479], [78.499769, 17.314446], [78.500854, 17.314355], [78.500959, 17.314379], [78.500987, 17.314422], [78.50093, 17.315531], [78.500917, 17.315857], [78.500902, 17.316216], [78.500938, 17.316481], [78.50103, 17.317163], [78.501068, 17.317167], [78.501473, 17.317211], [78.501996, 17.317135], [78.502315, 17.317106], [78.502631, 17.317051], [78.502834, 17.317016], [78.503838, 17.316844], [78.505147, 17.31664], [78.505708, 17.316526], [78.505698, 17.316583], [78.505332, 17.318655], [78.507968, 17.319779], [78.508025, 17.31664], [78.510652, 17.316975], [78.511245, 17.317346], [78.511702, 17.317523], [78.512141, 17.317432], [78.512441, 17.317378], [78.512598, 17.317552], [78.512975, 17.317671], [78.513355, 17.317599], [78.514015, 17.317376], [78.514352, 17.317495], [78.514796, 17.320371], [78.515032, 17.320642], [78.517301, 17.320839], [78.517153, 17.321622], [78.516825, 17.322327], [78.515439, 17.323674], [78.514365, 17.324943], [78.512933, 17.32645], [78.5128, 17.32666], [78.512742, 17.326895], [78.512867, 17.327393], [78.512905, 17.327764], [78.512895, 17.328211], [78.512733, 17.329296], [78.512532, 17.329931], [78.512529, 17.330172], [78.512538, 17.330211], [78.512502, 17.330231], [78.512841, 17.331485], [78.513065, 17.331447], [78.513089, 17.331272], [78.513112, 17.331109], [78.514199, 17.330876], [78.514203, 17.330874], [78.514214, 17.330201], [78.514256, 17.330219], [78.514726, 17.330766], [78.514862, 17.331082], [78.514928, 17.331325], [78.515285, 17.332652], [78.515856, 17.33267], [78.516424, 17.332585], [78.516611, 17.332557], [78.51729, 17.333593], [78.517325, 17.333646], [78.517494, 17.333662], [78.51751, 17.333663], [78.517628, 17.333811], [78.518051, 17.334336], [78.518589, 17.334238], [78.519038, 17.334157], [78.519592, 17.335014], [78.519569, 17.335129], [78.518247, 17.33529], [78.517951, 17.335262], [78.517144, 17.335341], [78.516081, 17.335405], [78.515774, 17.33684], [78.515581, 17.337911], [78.515613, 17.33889], [78.515673, 17.339775], [78.515845, 17.342303], [78.515817, 17.342469], [78.515803, 17.34251], [78.515753, 17.342494], [78.513436, 17.342781], [78.508683, 17.343436], [78.507123, 17.343666], [78.507025, 17.34358], [78.506568, 17.343313], [78.505769, 17.342799], [78.504498, 17.341886], [78.503427, 17.341238], [78.502361, 17.340539], [78.501404, 17.339973], [78.500848, 17.339644], [78.499273, 17.338602], [78.498302, 17.338012], [78.497198, 17.337293], [78.496598, 17.336841], [78.49557, 17.336094], [78.494747, 17.335452], [78.493567, 17.3345], [78.492529, 17.333657], [78.491088, 17.332396], [78.490908, 17.332255], [78.490591, 17.331999], [78.490495, 17.331945], [78.490156, 17.331755], [78.489639, 17.331583], [78.489216, 17.331475], [78.488645, 17.331297], [78.487991, 17.330988], [78.487194, 17.330649], [78.486303, 17.330293], [78.486295, 17.330067], [78.48635, 17.329605], [78.486367, 17.329172], [78.486413, 17.328789], [78.486471, 17.328363], [78.486533, 17.32798], [78.486638, 17.327609], [78.486754, 17.32733], [78.486929, 17.327082], [78.487056, 17.326847], [78.48711, 17.326718], [78.487194, 17.326515], [78.487247, 17.326254], [78.487269, 17.325943], [78.487281, 17.325627], [78.487301, 17.325237], [78.487292, 17.324835], [78.487286, 17.324701]]]}}, {"type": "Feature", "id": "ps-38", "properties": {"source": "LawyerInsta Hyderabad PS map (https://www.lawyerinsta.com/hyderabad-ps-map) - RESEARCH COPY, NOT AUTHORITATIVE", "source_id": "ps-38", "slug": "mailardevpally-police-station", "name": "Mailardevpally Police Station", "ps_name": "Mailardevpally", "commissionerate": "Hyderabad Commissionerate", "zone": "DCP Rajendranagar Zone", "division": "ACP Chandrayangutta", "ps_location": null, "has_geometry": false, "source_ring_count": 0, "our_ps_name": "Mailardevpally", "our_match": "exact-key"}, "geometry": null}, {"type": "Feature", "id": "ps-39", "properties": {"source": "LawyerInsta Hyderabad PS map (https://www.lawyerinsta.com/hyderabad-ps-map) - RESEARCH COPY, NOT AUTHORITATIVE", "source_id": "ps-39", "slug": "falaknuma-police-station", "name": "Falaknuma Police Station", "ps_name": "Falaknuma", "commissionerate": "Hyderabad Commissionerate", "zone": "DCP Rajendranagar Zone", "division": "ACP Falaknuma", "ps_location": [78.468395, 17.334654], "has_geometry": true, "source_ring_count": 1, "geometry_interpretation": "single ring -> Polygon", "rings_closed_in_source": true, "our_ps_name": "Falaknuma", "our_match": "exact-key"}, "geometry": {"type": "Polygon", "coordinates": [[[78.467811, 17.337519], [78.467172, 17.337644], [78.466772, 17.337792], [78.466508, 17.338152], [78.465909, 17.338317], [78.464994, 17.338267], [78.464576, 17.338281], [78.464238, 17.338238], [78.463042, 17.338357], [78.462784, 17.338258], [78.462583, 17.338447], [78.46248, 17.338675], [78.461862, 17.338724], [78.461283, 17.338851], [78.460622, 17.339186], [78.45998, 17.33958], [78.459476, 17.339975], [78.459172, 17.340381], [78.458891, 17.340362], [78.458793, 17.340353], [78.458363, 17.340312], [78.458234, 17.340319], [78.457863, 17.340555], [78.456985, 17.340626], [78.455893, 17.340747], [78.455364, 17.340869], [78.455229, 17.340958], [78.454822, 17.341226], [78.454572, 17.341318], [78.454529, 17.341246], [78.454273, 17.340812], [78.454201, 17.34069], [78.453773, 17.339898], [78.45343, 17.339413], [78.452909, 17.338906], [78.452393, 17.33836], [78.452281, 17.338242], [78.451681, 17.337557], [78.45111, 17.336993], [78.4513, 17.336817], [78.451592, 17.336545], [78.451603, 17.336536], [78.451867, 17.336215], [78.452666, 17.335422], [78.453152, 17.334944], [78.453594, 17.334508], [78.453873, 17.33428], [78.454208, 17.334016], [78.454394, 17.33373], [78.454544, 17.333481], [78.454594, 17.333245], [78.454615, 17.332717], [78.454701, 17.331475], [78.454723, 17.330953], [78.454751, 17.330333], [78.454736, 17.329733], [78.455674, 17.329576], [78.4558, 17.329554], [78.456542, 17.329419], [78.457213, 17.329305], [78.457742, 17.329055], [78.45777, 17.328826], [78.457512, 17.328697], [78.457541, 17.328483], [78.457593, 17.32794], [78.457614, 17.327658], [78.457631, 17.327421], [78.457693, 17.327031], [78.457755, 17.326731], [78.457831, 17.32637], [78.458255, 17.326313], [78.458512, 17.326227], [78.458973, 17.326108], [78.459363, 17.326018], [78.459373, 17.325875], [78.460113, 17.325855], [78.460244, 17.325851], [78.46025, 17.325975], [78.460258, 17.326137], [78.460163, 17.326146], [78.459925, 17.32617], [78.459925, 17.326227], [78.459994, 17.326478], [78.460254, 17.327431], [78.460268, 17.327479], [78.460572, 17.327374], [78.461543, 17.327036], [78.462086, 17.326865], [78.462571, 17.326674], [78.462461, 17.326351], [78.462469, 17.326288], [78.462476, 17.326232], [78.462573, 17.325899], [78.46259, 17.325842], [78.462666, 17.32558], [78.462669, 17.32554], [78.46268, 17.325394], [78.462685, 17.324966], [78.462737, 17.324814], [78.462833, 17.324609], [78.462956, 17.324347], [78.46298, 17.324214], [78.462999, 17.324057], [78.463096, 17.323875], [78.463118, 17.323833], [78.463288, 17.32311], [78.463483, 17.322622], [78.463518, 17.322534], [78.463532, 17.322448], [78.463511, 17.322376], [78.463475, 17.322344], [78.463479, 17.32225], [78.463586, 17.322196], [78.463634, 17.32223], [78.463968, 17.322485], [78.464711, 17.323068], [78.465669, 17.32383], [78.466769, 17.32471], [78.467775, 17.325513], [78.469018, 17.326513], [78.470238, 17.327476], [78.471213, 17.328404], [78.471975, 17.329285], [78.472319, 17.32915], [78.473702, 17.328315], [78.473754, 17.32841], [78.473771, 17.328581], [78.473779, 17.328643], [78.473782, 17.328669], [78.473804, 17.328852], [78.4738, 17.328995], [78.473746, 17.329114], [78.473664, 17.32928], [78.473664, 17.329387], [78.473796, 17.329573], [78.474064, 17.330051], [78.474081, 17.330073], [78.474532, 17.330646], [78.474567, 17.33069], [78.474939, 17.331122], [78.475021, 17.331186], [78.475113, 17.331218], [78.475249, 17.331215], [78.475591, 17.33114], [78.475592, 17.33114], [78.475902, 17.331079], [78.476077, 17.331054], [78.476209, 17.331065], [78.476316, 17.331108], [78.476445, 17.331197], [78.476548, 17.331308], [78.476595, 17.331436], [78.476648, 17.331633], [78.47667, 17.331793], [78.476662, 17.331964], [78.476616, 17.332196], [78.476616, 17.332311], [78.476627, 17.332393], [78.476655, 17.332478], [78.476716, 17.332553], [78.476833, 17.332637], [78.476902, 17.332685], [78.477041, 17.332789], [78.477194, 17.332903], [78.477016, 17.333201], [78.477163, 17.333404], [78.477457, 17.333737], [78.477602, 17.334011], [78.47787, 17.334101], [78.477897, 17.334288], [78.477703, 17.334328], [78.477714, 17.334572], [78.477784, 17.334931], [78.477526, 17.335258], [78.477269, 17.335484], [78.477277, 17.335986], [78.476408, 17.33619], [78.47636, 17.336462], [78.476297, 17.336648], [78.476119, 17.336559], [78.475744, 17.336712], [78.474401, 17.336667], [78.473701, 17.336706], [78.471699, 17.337052], [78.46999, 17.33682], [78.468241, 17.336626], [78.467811, 17.337519]]]}}, {"type": "Feature", "id": "ps-40", "properties": {"source": "LawyerInsta Hyderabad PS map (https://www.lawyerinsta.com/hyderabad-ps-map) - RESEARCH COPY, NOT AUTHORITATIVE", "source_id": "ps-40", "slug": "kamatipura-police-station", "name": "Kamatipura Police Station", "ps_name": "Kamatipura", "commissionerate": "Hyderabad Commissionerate", "zone": "DCP Rajendranagar Zone", "division": "ACP Falaknuma", "ps_location": [78.460201, 17.35598], "has_geometry": true, "source_ring_count": 1, "geometry_interpretation": "single ring -> Polygon", "rings_closed_in_source": true, "our_ps_name": "Kamatipura", "our_match": "exact-key"}, "geometry": {"type": "Polygon", "coordinates": [[[78.458723, 17.366564], [78.458671, 17.366735], [78.458518, 17.366953], [78.458282, 17.367739], [78.458274, 17.367757], [78.457601, 17.367216], [78.456818, 17.366241], [78.456599, 17.365725], [78.456397, 17.365251], [78.455997, 17.364518], [78.455588, 17.363538], [78.455179, 17.362681], [78.454756, 17.362147], [78.455869, 17.361832], [78.455669, 17.361225], [78.455498, 17.360704], [78.455326, 17.35999], [78.455205, 17.359426], [78.455062, 17.358805], [78.454984, 17.358212], [78.454862, 17.357149], [78.454791, 17.356828], [78.45467, 17.356385], [78.454541, 17.355878], [78.454784, 17.355721], [78.455441, 17.3554], [78.455766, 17.355302], [78.456056, 17.355164], [78.456361, 17.355055], [78.456457, 17.355049], [78.456789, 17.355031], [78.457127, 17.354991], [78.457313, 17.354969], [78.457727, 17.354926], [78.457698, 17.354874], [78.458582, 17.354864], [78.459793, 17.355029], [78.461165, 17.354778], [78.462475, 17.354496], [78.463317, 17.354387], [78.464752, 17.354076], [78.465665, 17.354083], [78.465787, 17.353859], [78.465872, 17.35383], [78.46562, 17.354278], [78.465702, 17.355254], [78.465645, 17.355322], [78.465243, 17.356176], [78.46489, 17.357051], [78.464281, 17.357816], [78.464207, 17.357864], [78.463831, 17.358108], [78.463333, 17.358442], [78.462416, 17.359084], [78.461938, 17.359442], [78.461466, 17.360266], [78.460376, 17.361613], [78.459952, 17.361894], [78.459728, 17.361906], [78.459448, 17.362073], [78.459331, 17.362323], [78.458783, 17.362953], [78.459043, 17.364421], [78.459138, 17.36483], [78.459266, 17.365552], [78.458915, 17.365566], [78.458843, 17.365569], [78.457985, 17.365596], [78.45754, 17.365646], [78.457536, 17.365647], [78.457771, 17.366], [78.458325, 17.366329], [78.458663, 17.36633], [78.458723, 17.366564]]]}}, {"type": "Feature", "id": "ps-41", "properties": {"source": "LawyerInsta Hyderabad PS map (https://www.lawyerinsta.com/hyderabad-ps-map) - RESEARCH COPY, NOT AUTHORITATIVE", "source_id": "ps-41", "slug": "bahadurpura-police-station", "name": "Bahadurpura Police Station", "ps_name": "Bahadurpura", "commissionerate": "Hyderabad Commissionerate", "zone": "DCP Rajendranagar Zone", "division": "ACP Falaknuma", "ps_location": [78.45531, 17.358399], "has_geometry": true, "source_ring_count": 1, "geometry_interpretation": "single ring -> Polygon", "rings_closed_in_source": true, "our_ps_name": "Bahadurpura", "our_match": "exact-key"}, "geometry": {"type": "Polygon", "coordinates": [[[78.443167, 17.366946], [78.442354, 17.366462], [78.442164, 17.366328], [78.442021, 17.366352], [78.441855, 17.36633], [78.441707, 17.366309], [78.441559, 17.366209], [78.441463, 17.366058], [78.441374, 17.365919], [78.441169, 17.365681], [78.440974, 17.365476], [78.440765, 17.365239], [78.440631, 17.365286], [78.440346, 17.36492], [78.440203, 17.364815], [78.440089, 17.364777], [78.440023, 17.364681], [78.439875, 17.364463], [78.440005, 17.364362], [78.440141, 17.364258], [78.439911, 17.363921], [78.439679, 17.363582], [78.439527, 17.363359], [78.439429, 17.3634], [78.439223, 17.363487], [78.439016, 17.363187], [78.438875, 17.362983], [78.438699, 17.362721], [78.43863, 17.362762], [78.438242, 17.362954], [78.438057, 17.363021], [78.437552, 17.363168], [78.437424, 17.362631], [78.4373, 17.362236], [78.437176, 17.361617], [78.437419, 17.361574], [78.4377, 17.361499], [78.437881, 17.361422], [78.438042, 17.361336], [78.438238, 17.361246], [78.438461, 17.361165], [78.438656, 17.361103], [78.438851, 17.361065], [78.438975, 17.361046], [78.439108, 17.361046], [78.439285, 17.361065], [78.439418, 17.361065], [78.439584, 17.36107], [78.439756, 17.361022], [78.439879, 17.360989], [78.439984, 17.360946], [78.440151, 17.360889], [78.440398, 17.36077], [78.440684, 17.360675], [78.440879, 17.360575], [78.441074, 17.360465], [78.441312, 17.360242], [78.441497, 17.360032], [78.441491, 17.360018], [78.441248, 17.35953], [78.441202, 17.359437], [78.440788, 17.359414], [78.440478, 17.359384], [78.440251, 17.359475], [78.440162, 17.35933], [78.440055, 17.359147], [78.439703, 17.358595], [78.43957, 17.358376], [78.439503, 17.35821], [78.439756, 17.358062], [78.440122, 17.357796], [78.440627, 17.357401], [78.440855, 17.357258], [78.440993, 17.357229], [78.441502, 17.357177], [78.441507, 17.357139], [78.441507, 17.357015], [78.441693, 17.356929], [78.441312, 17.35574], [78.441205, 17.355468], [78.441153, 17.355335], [78.441102, 17.355207], [78.441032, 17.355228], [78.440541, 17.355378], [78.439975, 17.355578], [78.439408, 17.355806], [78.438994, 17.355954], [78.438948, 17.355755], [78.438847, 17.355326], [78.438818, 17.355121], [78.438804, 17.354988], [78.438756, 17.354793], [78.438414, 17.354079], [78.438219, 17.353651], [78.438142, 17.353494], [78.438071, 17.353375], [78.437695, 17.352994], [78.437319, 17.352632], [78.437275, 17.352593], [78.437134, 17.35247], [78.437129, 17.352466], [78.437024, 17.352404], [78.436976, 17.352406], [78.436686, 17.352489], [78.436429, 17.352551], [78.436305, 17.352551], [78.436196, 17.352499], [78.436106, 17.352466], [78.43601, 17.352418], [78.435929, 17.35237], [78.435868, 17.352342], [78.435758, 17.352356], [78.435658, 17.352399], [78.435601, 17.35247], [78.43552, 17.352542], [78.435187, 17.352865], [78.435044, 17.352913], [78.434916, 17.352965], [78.434797, 17.35298], [78.434602, 17.35297], [78.434369, 17.352984], [78.434112, 17.353022], [78.433921, 17.353056], [78.433769, 17.353108], [78.433583, 17.353203], [78.43336, 17.353346], [78.433126, 17.353579], [78.432855, 17.353855], [78.432703, 17.353993], [78.432641, 17.35385], [78.432565, 17.353693], [78.432486, 17.353539], [78.432303, 17.35326], [78.432194, 17.353132], [78.432132, 17.353051], [78.432118, 17.352961], [78.432118, 17.352832], [78.432146, 17.352751], [78.432194, 17.352651], [78.432284, 17.352542], [78.432441, 17.352494], [78.432522, 17.352389], [78.432532, 17.352304], [78.432513, 17.352209], [78.432465, 17.35208], [78.432398, 17.351847], [78.432346, 17.351552], [78.432308, 17.351433], [78.432256, 17.351338], [78.432184, 17.351214], [78.432094, 17.351081], [78.43188, 17.350714], [78.431799, 17.350567], [78.431737, 17.350476], [78.431665, 17.350395], [78.431585, 17.350286], [78.431451, 17.350148], [78.431375, 17.350005], [78.431294, 17.34991], [78.431052, 17.349724], [78.430952, 17.349634], [78.43088, 17.349534], [78.430833, 17.349429], [78.430809, 17.349358], [78.430814, 17.349268], [78.430842, 17.349196], [78.430947, 17.349144], [78.431356, 17.348892], [78.43158, 17.348763], [78.431751, 17.348663], [78.431865, 17.348573], [78.431946, 17.348497], [78.432065, 17.348411], [78.432198, 17.348292], [78.432384, 17.348183], [78.432632, 17.348045], [78.432755, 17.347987], [78.432846, 17.347949], [78.432941, 17.347897], [78.432979, 17.347835], [78.433007, 17.34774], [78.433036, 17.347673], [78.43306, 17.347569], [78.433103, 17.347416], [78.433088, 17.347307], [78.433065, 17.347216], [78.432979, 17.347012], [78.432956, 17.346957], [78.432946, 17.346931], [78.432946, 17.346841], [78.432947, 17.346836], [78.43296, 17.346769], [78.432988, 17.346707], [78.433017, 17.346626], [78.433017, 17.346536], [78.433003, 17.346474], [78.432955, 17.346388], [78.432869, 17.346269], [78.432812, 17.346246], [78.432751, 17.346231], [78.43267, 17.346236], [78.432613, 17.346255], [78.43256, 17.346289], [78.432528, 17.346326], [78.432484, 17.346379], [78.432417, 17.346446], [78.432375, 17.346474], [78.432308, 17.346522], [78.43226, 17.346536], [78.432203, 17.346522], [78.432146, 17.346512], [78.43208, 17.346503], [78.432021, 17.346477], [78.431994, 17.346465], [78.431937, 17.346427], [78.431899, 17.346403], [78.431842, 17.34635], [78.431803, 17.346298], [78.431756, 17.346241], [78.431718, 17.34617], [78.431708, 17.346089], [78.431708, 17.34597], [78.431761, 17.345832], [78.431823, 17.34567], [78.431823, 17.34547], [78.431827, 17.34538], [78.431837, 17.345232], [78.431856, 17.345046], [78.431856, 17.344946], [78.431823, 17.344908], [78.43178, 17.344866], [78.431718, 17.344861], [78.431646, 17.34488], [78.431603, 17.344902], [78.431547, 17.344932], [78.431385, 17.345018], [78.431194, 17.34508], [78.431047, 17.345137], [78.430975, 17.345203], [78.430895, 17.345289], [78.430771, 17.345413], [78.430733, 17.345427], [78.430647, 17.345422], [78.430576, 17.345399], [78.430471, 17.345346], [78.430376, 17.345289], [78.430369, 17.345282], [78.430309, 17.345223], [78.430252, 17.345118], [78.430228, 17.344989], [78.430195, 17.344856], [78.430186, 17.344787], [78.430176, 17.344704], [78.430176, 17.344609], [78.430185, 17.344509], [78.4302, 17.344394], [78.4302, 17.344393], [78.430257, 17.344237], [78.430276, 17.344123], [78.430276, 17.343928], [78.430285, 17.343809], [78.430257, 17.343723], [78.430228, 17.343576], [78.430162, 17.343433], [78.430086, 17.343305], [78.429976, 17.343209], [78.42989, 17.343162], [78.429845, 17.343138], [78.429771, 17.3431], [78.429662, 17.342991], [78.429614, 17.342933], [78.42959, 17.342895], [78.429567, 17.342857], [78.429529, 17.342753], [78.429486, 17.342543], [78.429405, 17.342434], [78.429291, 17.342358], [78.429172, 17.342301], [78.429029, 17.342243], [78.428786, 17.342167], [78.428496, 17.342101], [78.428287, 17.342034], [78.428158, 17.342025], [78.42799, 17.342008], [78.427968, 17.342005], [78.427806, 17.342001], [78.427735, 17.341977], [78.427644, 17.341925], [78.427539, 17.341896], [78.427449, 17.341882], [78.427373, 17.341839], [78.427365, 17.341804], [78.427363, 17.341796], [78.42734, 17.341706], [78.42734, 17.341587], [78.427359, 17.341501], [78.427359, 17.341499], [78.427387, 17.341406], [78.427473, 17.341373], [78.427549, 17.341354], [78.42769, 17.341348], [78.427787, 17.341344], [78.428015, 17.341344], [78.428406, 17.341292], [78.428739, 17.34122], [78.429091, 17.341163], [78.429553, 17.341087], [78.429729, 17.341035], [78.429781, 17.340987], [78.429795, 17.340939], [78.4298, 17.340863], [78.4298, 17.340792], [78.429776, 17.340644], [78.429729, 17.340316], [78.4297, 17.340154], [78.4297, 17.33995], [78.429667, 17.33974], [78.429681, 17.339559], [78.42971, 17.339321], [78.429776, 17.339041], [78.429868, 17.338711], [78.429876, 17.338684], [78.429957, 17.338484], [78.430081, 17.338522], [78.430376, 17.33866], [78.43088, 17.338912], [78.430723, 17.339493], [78.430728, 17.339716], [78.430732, 17.340003], [78.430733, 17.340035], [78.430747, 17.340088], [78.430752, 17.340096], [78.430823, 17.340216], [78.431075, 17.34054], [78.431218, 17.340778], [78.431256, 17.340878], [78.431266, 17.340997], [78.431266, 17.341054], [78.431242, 17.341101], [78.43118, 17.341177], [78.431033, 17.341311], [78.431009, 17.341392], [78.430999, 17.341468], [78.431018, 17.341577], [78.431033, 17.341677], [78.431075, 17.341777], [78.431132, 17.341863], [78.431247, 17.342234], [78.431296, 17.342448], [78.431299, 17.342462], [78.431351, 17.342586], [78.431399, 17.342676], [78.431485, 17.342767], [78.431506, 17.342787], [78.431642, 17.342914], [78.431918, 17.343233], [78.431958, 17.343294], [78.432075, 17.343471], [78.432179, 17.343533], [78.43226, 17.343547], [78.43236, 17.343543], [78.43247, 17.343495], [78.432593, 17.343495], [78.432693, 17.343528], [78.432779, 17.343576], [78.432846, 17.343628], [78.432988, 17.343762], [78.433065, 17.343876], [78.433131, 17.343995], [78.433179, 17.344038], [78.433322, 17.344042], [78.433583, 17.344071], [78.433774, 17.344076], [78.433916, 17.344042], [78.434141, 17.343993], [78.434154, 17.34399], [78.434445, 17.343952], [78.434649, 17.343938], [78.434911, 17.343971], [78.434956, 17.343979], [78.435149, 17.344014], [78.435387, 17.344038], [78.435653, 17.344033], [78.436006, 17.344023], [78.436082, 17.344038], [78.436172, 17.344085], [78.436377, 17.344333], [78.436477, 17.344532], [78.436596, 17.344808], [78.436634, 17.345094], [78.436667, 17.345203], [78.4367, 17.345227], [78.436762, 17.345223], [78.43681, 17.345213], [78.43691, 17.34517], [78.436995, 17.345123], [78.437153, 17.345004], [78.437329, 17.344942], [78.437519, 17.344923], [78.437681, 17.344885], [78.437781, 17.344842], [78.437938, 17.34469], [78.438119, 17.344566], [78.438153, 17.344545], [78.438252, 17.344485], [78.438333, 17.344447], [78.438409, 17.344447], [78.438471, 17.344447], [78.438566, 17.344466], [78.438737, 17.344518], [78.43888, 17.344547], [78.439318, 17.344577], [78.439494, 17.34459], [78.439694, 17.344571], [78.439818, 17.344542], [78.439913, 17.34449], [78.440003, 17.344418], [78.440089, 17.344218], [78.440193, 17.343999], [78.440217, 17.343938], [78.440222, 17.343833], [78.440203, 17.343704], [78.440079, 17.343033], [78.440007, 17.342601], [78.439994, 17.342519], [78.439998, 17.342439], [78.44001, 17.342385], [78.440022, 17.342329], [78.44027, 17.341763], [78.440431, 17.341268], [78.440493, 17.341049], [78.44055, 17.340855], [78.44055, 17.340854], [78.440593, 17.340801], [78.440607, 17.340794], [78.440888, 17.34064], [78.441155, 17.340535], [78.441421, 17.340468], [78.441664, 17.34034], [78.44194, 17.340178], [78.442102, 17.340054], [78.442245, 17.339916], [78.442297, 17.339807], [78.442325, 17.339712], [78.442378, 17.33955], [78.442444, 17.339474], [78.442535, 17.339393], [78.442643, 17.339337], [78.442673, 17.339321], [78.442759, 17.339283], [78.442854, 17.339279], [78.442958, 17.339283], [78.442985, 17.33929], [78.44301, 17.339296], [78.443058, 17.339307], [78.443268, 17.33934], [78.443253, 17.338774], [78.443016, 17.338788], [78.44292, 17.33875], [78.442701, 17.338598], [78.442592, 17.338279], [78.442778, 17.338089], [78.44342, 17.337708], [78.443677, 17.337563], [78.443858, 17.337461], [78.443763, 17.337128], [78.443648, 17.336171], [78.443603, 17.335618], [78.443563, 17.335124], [78.443572, 17.334888], [78.444311, 17.334881], [78.444638, 17.334923], [78.4449, 17.335], [78.445168, 17.335089], [78.445864, 17.335351], [78.446465, 17.335601], [78.44701, 17.335792], [78.447024, 17.335797], [78.447302, 17.335915], [78.447672, 17.33604], [78.448083, 17.336183], [78.448404, 17.336311], [78.448818, 17.336479], [78.449146, 17.336625], [78.449263, 17.336695], [78.449453, 17.336807], [78.449518, 17.336854], [78.449533, 17.336825], [78.45007, 17.337252], [78.450448, 17.337762], [78.450594, 17.338127], [78.450798, 17.338657], [78.450845, 17.338931], [78.450908, 17.339294], [78.450837, 17.339616], [78.450735, 17.340134], [78.450481, 17.341349], [78.45048, 17.342615], [78.450482, 17.343732], [78.450564, 17.344013], [78.450744, 17.344635], [78.45083, 17.345334], [78.451058, 17.345909], [78.451262, 17.346533], [78.451333, 17.346811], [78.451458, 17.347304], [78.45148, 17.347381], [78.451669, 17.348057], [78.451843, 17.348575], [78.451997, 17.349157], [78.452222, 17.349988], [78.452266, 17.350162], [78.452475, 17.350988], [78.452793, 17.351791], [78.453843, 17.353884], [78.454541, 17.355878], [78.45467, 17.356385], [78.454791, 17.356828], [78.454862, 17.357149], [78.454984, 17.358212], [78.455062, 17.358805], [78.455205, 17.359426], [78.455326, 17.35999], [78.455498, 17.360704], [78.455669, 17.361225], [78.455869, 17.361832], [78.454756, 17.362147], [78.454598, 17.361948], [78.453885, 17.361282], [78.453437, 17.360854], [78.452876, 17.360397], [78.452438, 17.360216], [78.451791, 17.359997], [78.451191, 17.359854], [78.450648, 17.359797], [78.450163, 17.359797], [78.449716, 17.359892], [78.449097, 17.360064], [78.448526, 17.360378], [78.447736, 17.361111], [78.446936, 17.362177], [78.445813, 17.363604], [78.444214, 17.365679], [78.443167, 17.366946]]]}}, {"type": "Feature", "id": "ps-42", "properties": {"source": "LawyerInsta Hyderabad PS map (https://www.lawyerinsta.com/hyderabad-ps-map) - RESEARCH COPY, NOT AUTHORITATIVE", "source_id": "ps-42", "slug": "kalapathar-police-station", "name": "Kalapathar Police Station", "ps_name": "Kalapathar", "commissionerate": "Hyderabad Commissionerate", "zone": "DCP Rajendranagar Zone", "division": "ACP Falaknuma", "ps_location": [78.454167, 17.345421], "has_geometry": true, "source_ring_count": 1, "geometry_interpretation": "single ring -> Polygon", "rings_closed_in_source": true, "our_ps_name": "Kalapathar", "our_match": "exact-key"}, "geometry": {"type": "Polygon", "coordinates": [[[78.449533, 17.336825], [78.449606, 17.336683], [78.450212, 17.336808], [78.450485, 17.336864], [78.45111, 17.336993], [78.451681, 17.337557], [78.452281, 17.338242], [78.452393, 17.33836], [78.452909, 17.338906], [78.45343, 17.339413], [78.453773, 17.339898], [78.454201, 17.34069], [78.454273, 17.340812], [78.454529, 17.341246], [78.454572, 17.341318], [78.454822, 17.341226], [78.455229, 17.340958], [78.455364, 17.340869], [78.455893, 17.340747], [78.456985, 17.340626], [78.457863, 17.340555], [78.458234, 17.340319], [78.458363, 17.340312], [78.458793, 17.340353], [78.458891, 17.340362], [78.459516, 17.340403], [78.459648, 17.340412], [78.45986, 17.340553], [78.459923, 17.340594], [78.460133, 17.340733], [78.460375, 17.34091], [78.460533, 17.341026], [78.460804, 17.341062], [78.461932, 17.341012], [78.461979, 17.341035], [78.462203, 17.341147], [78.462367, 17.341633], [78.462459, 17.341966], [78.462523, 17.342198], [78.462884, 17.342133], [78.463304, 17.342057], [78.463359, 17.342047], [78.463445, 17.342149], [78.463152, 17.342703], [78.463067, 17.342989], [78.463024, 17.343381], [78.462974, 17.343738], [78.462945, 17.344052], [78.462878, 17.344052], [78.462809, 17.344052], [78.462617, 17.344052], [78.462611, 17.344343], [78.462602, 17.344735], [78.462578, 17.345853], [78.462585, 17.345852], [78.462751, 17.34584], [78.462959, 17.345874], [78.463069, 17.346514], [78.46305, 17.346815], [78.462968, 17.348477], [78.462266, 17.348468], [78.460952, 17.348495], [78.461126, 17.34887], [78.461376, 17.34916], [78.461655, 17.349493], [78.461791, 17.350412], [78.461884, 17.35126], [78.46205, 17.352265], [78.462266, 17.352827], [78.462614, 17.353592], [78.462994, 17.35417], [78.463317, 17.354387], [78.462475, 17.354496], [78.461165, 17.354778], [78.459793, 17.355029], [78.458582, 17.354864], [78.457698, 17.354874], [78.457727, 17.354926], [78.457313, 17.354969], [78.457127, 17.354991], [78.456789, 17.355031], [78.456457, 17.355049], [78.456361, 17.355055], [78.456056, 17.355164], [78.455766, 17.355302], [78.455441, 17.3554], [78.454784, 17.355721], [78.454541, 17.355878], [78.453843, 17.353884], [78.452793, 17.351791], [78.452475, 17.350988], [78.452266, 17.350162], [78.452222, 17.349988], [78.4522, 17.349908], [78.451997, 17.349157], [78.451843, 17.348575], [78.451669, 17.348057], [78.45148, 17.347381], [78.451401, 17.347007], [78.451333, 17.346811], [78.451262, 17.346533], [78.451058, 17.345909], [78.45083, 17.345334], [78.450744, 17.344635], [78.450564, 17.344013], [78.450482, 17.343732], [78.45048, 17.342615], [78.450481, 17.341349], [78.450735, 17.340134], [78.450837, 17.339616], [78.450908, 17.339294], [78.450845, 17.338931], [78.450798, 17.338657], [78.450594, 17.338127], [78.450448, 17.337762], [78.45007, 17.337252], [78.449533, 17.336825]]]}}, {"type": "Feature", "id": "ps-43", "properties": {"source": "LawyerInsta Hyderabad PS map (https://www.lawyerinsta.com/hyderabad-ps-map) - RESEARCH COPY, NOT AUTHORITATIVE", "source_id": "ps-43", "slug": "rajendra-nagar-police-station", "name": "Rajendra Nagar Police Station", "ps_name": "Rajendra Nagar", "commissionerate": "Hyderabad Commissionerate", "zone": "DCP Rajendranagar Zone", "division": "ACP Rajendra Nagar", "ps_location": null, "has_geometry": false, "source_ring_count": 0, "our_ps_name": "Rajendranagar", "our_match": "exact-key"}, "geometry": null}, {"type": "Feature", "id": "ps-44", "properties": {"source": "LawyerInsta Hyderabad PS map (https://www.lawyerinsta.com/hyderabad-ps-map) - RESEARCH COPY, NOT AUTHORITATIVE", "source_id": "ps-44", "slug": "attapur-police-station", "name": "Attapur Police Station", "ps_name": "Attapur", "commissionerate": "Hyderabad Commissionerate", "zone": "DCP Rajendranagar Zone", "division": "ACP Rajendra Nagar", "ps_location": null, "has_geometry": false, "source_ring_count": 0, "our_ps_name": "Attapur", "our_match": "exact-key"}, "geometry": null}, {"type": "Feature", "id": "ps-45", "properties": {"source": "LawyerInsta Hyderabad PS map (https://www.lawyerinsta.com/hyderabad-ps-map) - RESEARCH COPY, NOT AUTHORITATIVE", "source_id": "ps-45", "slug": "chikkadapally-police-station", "name": "Chikkadapally Police Station", "ps_name": "Chikkadapally", "commissionerate": "Hyderabad Commissionerate", "zone": "DCP Secunderabad Zone", "division": "ACP Chikkadpally", "ps_location": [78.494376, 17.406609], "has_geometry": true, "source_ring_count": 2, "geometry_interpretation": "2 rings; 1 inside ring 0 -> Polygon with holes", "rings_closed_in_source": true, "our_ps_name": "Chikkadpally", "our_match": "alias"}, "geometry": {"type": "Polygon", "coordinates": [[[78.489249, 17.403284], [78.490047, 17.403381], [78.490374, 17.403417], [78.490702, 17.403411], [78.49094, 17.403381], [78.491154, 17.403274], [78.49138, 17.403143], [78.491618, 17.402977], [78.491951, 17.402703], [78.492379, 17.402197], [78.492813, 17.40165], [78.493545, 17.400573], [78.493902, 17.399842], [78.494158, 17.399289], [78.494735, 17.398533], [78.495151, 17.397938], [78.495603, 17.397337], [78.49593, 17.396969], [78.496365, 17.396588], [78.496515, 17.396485], [78.496621, 17.396633], [78.496712, 17.396662], [78.496841, 17.396533], [78.497178, 17.396253], [78.497359, 17.396186], [78.497583, 17.396157], [78.49807, 17.396134], [78.498435, 17.39613], [78.49872, 17.396201], [78.499107, 17.39635], [78.499321, 17.396487], [78.499541, 17.396647], [78.499892, 17.39713], [78.499988, 17.397339], [78.500001, 17.397361], [78.500045, 17.397463], [78.500047, 17.397467], [78.500247, 17.3979], [78.500625, 17.398821], [78.500691, 17.398894], [78.500843, 17.398967], [78.500849, 17.398968], [78.501057, 17.399017], [78.501338, 17.399083], [78.501527, 17.399128], [78.501832, 17.399134], [78.502055, 17.399138], [78.502402, 17.399146], [78.502886, 17.399126], [78.502979, 17.399122], [78.503235, 17.399312], [78.503512, 17.399495], [78.50374, 17.399645], [78.504264, 17.399955], [78.504692, 17.400305], [78.504817, 17.400472], [78.50509, 17.401097], [78.505328, 17.401567], [78.505394, 17.401959], [78.505495, 17.402179], [78.505626, 17.402364], [78.505777, 17.402406], [78.505858, 17.402429], [78.506197, 17.403119], [78.506268, 17.403488], [78.506381, 17.403776], [78.506482, 17.404035], [78.506935, 17.40507], [78.507089, 17.40538], [78.507399, 17.40579], [78.507815, 17.406439], [78.508089, 17.406903], [78.508172, 17.407022], [78.508243, 17.407099], [78.508333, 17.407121], [78.508216, 17.407303], [78.507759, 17.407567], [78.507081, 17.407996], [78.506475, 17.40841], [78.506296, 17.408625], [78.50578, 17.40883], [78.505778, 17.409033], [78.505774, 17.40927], [78.505732, 17.409442], [78.505695, 17.409462], [78.505619, 17.409502], [78.505244, 17.409597], [78.505158, 17.409636], [78.504358, 17.409995], [78.504293, 17.409787], [78.504209, 17.409615], [78.504134, 17.409554], [78.50387, 17.409412], [78.503716, 17.409371], [78.503603, 17.409424], [78.503466, 17.409502], [78.503109, 17.409585], [78.502552, 17.409753], [78.502258, 17.409841], [78.501396, 17.410103], [78.50014, 17.410376], [78.499992, 17.410382], [78.498992, 17.410709], [78.49788, 17.41109], [78.496649, 17.411477], [78.496393, 17.411512], [78.495893, 17.411542], [78.495619, 17.411471], [78.495353, 17.411369], [78.494947, 17.411215], [78.494733, 17.411155], [78.4944, 17.411144], [78.493412, 17.411239], [78.492532, 17.411268], [78.490533, 17.411364], [78.490147, 17.41141], [78.489356, 17.411506], [78.488685, 17.411529], [78.48866, 17.41153], [78.488694, 17.411399], [78.48878, 17.411073], [78.489169, 17.410217], [78.489369, 17.409737], [78.489555, 17.409219], [78.489572, 17.409134], [78.489626, 17.408453], [78.489613, 17.407951], [78.489761, 17.406944], [78.489575, 17.405896], [78.489457, 17.405073], [78.489447, 17.405], [78.489329, 17.403914], [78.489249, 17.403284]], [[78.489249, 17.403284], [78.490047, 17.403381], [78.490374, 17.403417], [78.490702, 17.403411], [78.49094, 17.403381], [78.491154, 17.403274], [78.49138, 17.403143], [78.491618, 17.402977], [78.491951, 17.402703], [78.492379, 17.402197], [78.492813, 17.40165], [78.493545, 17.400573], [78.493902, 17.399842], [78.494158, 17.399289], [78.494735, 17.398533], [78.495151, 17.397938], [78.495603, 17.397337], [78.49593, 17.396969], [78.496365, 17.396588], [78.496515, 17.396485], [78.496621, 17.396633], [78.496712, 17.396662], [78.496841, 17.396533], [78.497178, 17.396253], [78.497359, 17.396186], [78.497583, 17.396157], [78.49807, 17.396134], [78.498435, 17.39613], [78.49872, 17.396201], [78.499107, 17.39635], [78.499321, 17.396487], [78.499541, 17.396647], [78.499892, 17.39713], [78.499988, 17.397339], [78.500001, 17.397361], [78.500045, 17.397463], [78.500047, 17.397467], [78.500247, 17.3979], [78.500625, 17.398821], [78.500691, 17.398894], [78.500843, 17.398967], [78.500849, 17.398968], [78.501057, 17.399017], [78.501338, 17.399083], [78.501527, 17.399128], [78.501832, 17.399134], [78.502055, 17.399138], [78.502402, 17.399146], [78.502886, 17.399126], [78.502979, 17.399122], [78.503235, 17.399312], [78.503512, 17.399495], [78.50374, 17.399645], [78.504264, 17.399955], [78.504692, 17.400305], [78.504817, 17.400472], [78.50509, 17.401097], [78.505328, 17.401567], [78.505394, 17.401959], [78.505495, 17.402179], [78.505626, 17.402364], [78.505777, 17.402406], [78.505858, 17.402429], [78.506197, 17.403119], [78.506268, 17.403488], [78.506381, 17.403776], [78.506482, 17.404035], [78.506935, 17.40507], [78.507089, 17.40538], [78.507399, 17.40579], [78.507815, 17.406439], [78.508089, 17.406903], [78.508172, 17.407022], [78.508243, 17.407099], [78.508333, 17.407121], [78.508216, 17.407303], [78.507759, 17.407567], [78.507081, 17.407996], [78.506475, 17.40841], [78.506296, 17.408625], [78.50578, 17.40883], [78.505778, 17.409033], [78.505774, 17.40927], [78.505732, 17.409442], [78.505695, 17.409462], [78.505619, 17.409502], [78.505244, 17.409597], [78.505158, 17.409636], [78.504358, 17.409995], [78.504293, 17.409787], [78.504209, 17.409615], [78.504134, 17.409554], [78.50387, 17.409412], [78.503716, 17.409371], [78.503603, 17.409424], [78.503466, 17.409502], [78.503109, 17.409585], [78.502552, 17.409753], [78.502258, 17.409841], [78.501396, 17.410103], [78.50014, 17.410376], [78.499992, 17.410382], [78.498992, 17.410709], [78.49788, 17.41109], [78.496649, 17.411477], [78.496393, 17.411512], [78.495893, 17.411542], [78.495619, 17.411471], [78.495353, 17.411369], [78.494947, 17.411215], [78.494733, 17.411155], [78.4944, 17.411144], [78.493412, 17.411239], [78.492532, 17.411268], [78.490533, 17.411364], [78.490147, 17.41141], [78.489356, 17.411506], [78.488685, 17.411529], [78.48866, 17.41153], [78.488694, 17.411399], [78.48878, 17.411073], [78.489169, 17.410217], [78.489369, 17.409737], [78.489555, 17.409219], [78.489572, 17.409134], [78.489626, 17.408453], [78.489613, 17.407951], [78.489761, 17.406944], [78.489575, 17.405896], [78.489457, 17.405073], [78.489447, 17.405], [78.489329, 17.403914], [78.489249, 17.403284]]]}}, {"type": "Feature", "id": "ps-46", "properties": {"source": "LawyerInsta Hyderabad PS map (https://www.lawyerinsta.com/hyderabad-ps-map) - RESEARCH COPY, NOT AUTHORITATIVE", "source_id": "ps-46", "slug": "musheerabad-police-station", "name": "Musheerabad Police Station", "ps_name": "Musheerabad", "commissionerate": "Hyderabad Commissionerate", "zone": "DCP Secunderabad Zone", "division": "ACP Chikkadpally", "ps_location": [78.500264, 17.419408], "has_geometry": true, "source_ring_count": 1, "geometry_interpretation": "single ring -> Polygon", "rings_closed_in_source": true, "our_ps_name": "Musheerabad", "our_match": "exact-key"}, "geometry": {"type": "Polygon", "coordinates": [[[78.500968, 17.42049], [78.500812, 17.420582], [78.500596, 17.420704], [78.49956, 17.421011], [78.499352, 17.42107], [78.498682, 17.421261], [78.497654, 17.421553], [78.496948, 17.42181], [78.496454, 17.422003], [78.49604, 17.422203], [78.495816, 17.422421], [78.495456, 17.422745], [78.495184, 17.422988], [78.494864, 17.423231], [78.49472, 17.423302], [78.494648, 17.423288], [78.494528, 17.423245], [78.494256, 17.423002], [78.493964, 17.422688], [78.493586, 17.42211], [78.49325, 17.421696], [78.492786, 17.421146], [78.492222, 17.42049], [78.491964, 17.420061], [78.491566, 17.41929], [78.491194, 17.418612], [78.490986, 17.418155], [78.490808, 17.417741], [78.490666, 17.416913], [78.490466, 17.415386], [78.489572, 17.41549], [78.489362, 17.415514], [78.489108, 17.415543], [78.489068, 17.415104], [78.488844, 17.414274], [78.488652, 17.413526], [78.488612, 17.412666], [78.488696, 17.41158], [78.489366, 17.411557], [78.490158, 17.411461], [78.490544, 17.411415], [78.492542, 17.411319], [78.493422, 17.41129], [78.49441, 17.411195], [78.494744, 17.411206], [78.494958, 17.411266], [78.495364, 17.41142], [78.49563, 17.411522], [78.495904, 17.411593], [78.496404, 17.411563], [78.49666, 17.411528], [78.49789, 17.411141], [78.49804, 17.41109], [78.499002, 17.41076], [78.500002, 17.410433], [78.50015, 17.410427], [78.501406, 17.410154], [78.501432, 17.410146], [78.502268, 17.409892], [78.502562, 17.409804], [78.50312, 17.409636], [78.503476, 17.409553], [78.503614, 17.409475], [78.503726, 17.409422], [78.50388, 17.409463], [78.504144, 17.409605], [78.50422, 17.409666], [78.504304, 17.409838], [78.504368, 17.410046], [78.505168, 17.409687], [78.505254, 17.409648], [78.50563, 17.409553], [78.505706, 17.409513], [78.505742, 17.409493], [78.505784, 17.409321], [78.505788, 17.409084], [78.50579, 17.408881], [78.506306, 17.408676], [78.506486, 17.408461], [78.507092, 17.408047], [78.507592, 17.40773], [78.50777, 17.407618], [78.508226, 17.407354], [78.508344, 17.407172], [78.508456, 17.407168], [78.508616, 17.407241], [78.508844, 17.407391], [78.509024, 17.407483], [78.50928, 17.407659], [78.509294, 17.407669], [78.509672, 17.407933], [78.509922, 17.408097], [78.50997, 17.408136], [78.510166, 17.408297], [78.510346, 17.40846], [78.510386, 17.408511], [78.510406, 17.408542], [78.509212, 17.408937], [78.50893, 17.409164], [78.50862, 17.409417], [78.507814, 17.41039], [78.508372, 17.411527], [78.508956, 17.413585], [78.508976, 17.413655], [78.509004, 17.413991], [78.509176, 17.414411], [78.509374, 17.414598], [78.509702, 17.414746], [78.509792, 17.415673], [78.509802, 17.415776], [78.509808, 17.415835], [78.509364, 17.415904], [78.509034, 17.415984], [78.508988, 17.415995], [78.508422, 17.416293], [78.507918, 17.41628], [78.506894, 17.416099], [78.506326, 17.416135], [78.50586, 17.416192], [78.505914, 17.417646], [78.505926, 17.418081], [78.505936, 17.418503], [78.506076, 17.420033], [78.506022, 17.420083], [78.50573, 17.419933], [78.505502, 17.41989], [78.505274, 17.41989], [78.504974, 17.419947], [78.504596, 17.420083], [78.504238, 17.420197], [78.503952, 17.420247], [78.503646, 17.420325], [78.503018, 17.420511], [78.50246, 17.420718], [78.50229, 17.420739], [78.502126, 17.420732], [78.50199, 17.420697], [78.501762, 17.420618], [78.50124, 17.420504], [78.501126, 17.420468], [78.500968, 17.42049]]]}}, {"type": "Feature", "id": "ps-47", "properties": {"source": "LawyerInsta Hyderabad PS map (https://www.lawyerinsta.com/hyderabad-ps-map) - RESEARCH COPY, NOT AUTHORITATIVE", "source_id": "ps-47", "slug": "kachiguda-police-station", "name": "Kachiguda Police Station", "ps_name": "Kachiguda", "commissionerate": "Hyderabad Commissionerate", "zone": "DCP Secunderabad Zone", "division": "ACP Chikkadpally", "ps_location": [78.49745, 17.389036], "has_geometry": true, "source_ring_count": 1, "geometry_interpretation": "single ring -> Polygon", "rings_closed_in_source": true, "our_ps_name": "Kachiguda", "our_match": "exact-key"}, "geometry": {"type": "Polygon", "coordinates": [[[78.498646, 17.395336], [78.498561, 17.395349], [78.498323, 17.395456], [78.49813, 17.395564], [78.498121, 17.395569], [78.49793, 17.395688], [78.497639, 17.395837], [78.49721, 17.395956], [78.496955, 17.396122], [78.496547, 17.396495], [78.495976, 17.395713], [78.495896, 17.395587], [78.495419, 17.394842], [78.49501, 17.394224], [78.494639, 17.393772], [78.494458, 17.393562], [78.494349, 17.393467], [78.494323, 17.393459], [78.494215, 17.393424], [78.494058, 17.393372], [78.493839, 17.393296], [78.493621, 17.393196], [78.493425, 17.393134], [78.493226, 17.393072], [78.493135, 17.393015], [78.49304, 17.392924], [78.493029, 17.392912], [78.492916, 17.392782], [78.492626, 17.392625], [78.492183, 17.392393], [78.492136, 17.392368], [78.491897, 17.392233], [78.491841, 17.392201], [78.491588, 17.392068], [78.491312, 17.391939], [78.491117, 17.391873], [78.490913, 17.391825], [78.49067, 17.391787], [78.490408, 17.391792], [78.490298, 17.391788], [78.490123, 17.391782], [78.489999, 17.391749], [78.489909, 17.391711], [78.489843, 17.391662], [78.489813, 17.39164], [78.489456, 17.391416], [78.489352, 17.391345], [78.489196, 17.391171], [78.489123, 17.390784], [78.489125, 17.390784], [78.489659, 17.390675], [78.490301, 17.390543], [78.49038, 17.390527], [78.490294, 17.389956], [78.490231, 17.389595], [78.490189, 17.389357], [78.490142, 17.388719], [78.490146, 17.388453], [78.490161, 17.387605], [78.490104, 17.386968], [78.490046, 17.385854], [78.489837, 17.38456], [78.490452, 17.384422], [78.490475, 17.384417], [78.490617, 17.384322], [78.49097, 17.383446], [78.491407, 17.382095], [78.491429, 17.381998], [78.491626, 17.381101], [78.491664, 17.380924], [78.491801, 17.379955], [78.492036, 17.379987], [78.492249, 17.380016], [78.492645, 17.38009], [78.492799, 17.380119], [78.493032, 17.380183], [78.493572, 17.380332], [78.494111, 17.38048], [78.495509, 17.380908], [78.495795, 17.381045], [78.496889, 17.382033], [78.498763, 17.383508], [78.500244, 17.384638], [78.501827, 17.385298], [78.502719, 17.385828], [78.502957, 17.385887], [78.503177, 17.385953], [78.503355, 17.385983], [78.503635, 17.386012], [78.503956, 17.385971], [78.504289, 17.385941], [78.505003, 17.385762], [78.506098, 17.385608], [78.506259, 17.385601], [78.506047, 17.3857], [78.505776, 17.385842], [78.505652, 17.386103], [78.505539, 17.386382], [78.505521, 17.386596], [78.505533, 17.386721], [78.505646, 17.387037], [78.505723, 17.387334], [78.505723, 17.38756], [78.505616, 17.387983], [78.50489, 17.389178], [78.504643, 17.389542], [78.504914, 17.38972], [78.505267, 17.389947], [78.505539, 17.390123], [78.505568, 17.390142], [78.505961, 17.390374], [78.506258, 17.390465], [78.50627, 17.390469], [78.506853, 17.390576], [78.506873, 17.39058], [78.507579, 17.390707], [78.508596, 17.390897], [78.509691, 17.391034], [78.510458, 17.391165], [78.510507, 17.391173], [78.510891, 17.391236], [78.510855, 17.391723], [78.510845, 17.392508], [78.510855, 17.393351], [78.510857, 17.393931], [78.510809, 17.393937], [78.510697, 17.393943], [78.510484, 17.393954], [78.510226, 17.393967], [78.50909, 17.394068], [78.508556, 17.394123], [78.50806, 17.394174], [78.50765, 17.394217], [78.506157, 17.394354], [78.505598, 17.394401], [78.505414, 17.394437], [78.505235, 17.394478], [78.504605, 17.394782], [78.504024, 17.394183], [78.503219, 17.394611], [78.50318, 17.394625], [78.503023, 17.394683], [78.5026, 17.394837], [78.50216, 17.394927], [78.501797, 17.395063], [78.501375, 17.395212], [78.500928, 17.395325], [78.500363, 17.395373], [78.499703, 17.395402], [78.499144, 17.395349], [78.498799, 17.395313], [78.498646, 17.395336]]]}}, {"type": "Feature", "id": "ps-48", "properties": {"source": "LawyerInsta Hyderabad PS map (https://www.lawyerinsta.com/hyderabad-ps-map) - RESEARCH COPY, NOT AUTHORITATIVE", "source_id": "ps-48", "slug": "chilkalguda-police-station", "name": "Chilkalguda Police Station", "ps_name": "Chilkalguda", "commissionerate": "Hyderabad Commissionerate", "zone": "DCP Secunderabad Zone", "division": "ACP Chilkalguda", "ps_location": [78.51354, 17.43067], "has_geometry": true, "source_ring_count": 1, "geometry_interpretation": "single ring -> Polygon", "rings_closed_in_source": true, "our_ps_name": "Chilkalguda", "our_match": "exact-key"}, "geometry": {"type": "Polygon", "coordinates": [[[78.507787, 17.421107], [78.507958, 17.421145], [78.50818, 17.421132], [78.508315, 17.421123], [78.508384, 17.421111], [78.508651, 17.421036], [78.50878, 17.420957], [78.508842, 17.420903], [78.508927, 17.420791], [78.509083, 17.420572], [78.509101, 17.420545], [78.509112, 17.420539], [78.509158, 17.420514], [78.509722, 17.420451], [78.510731, 17.420564], [78.510895, 17.420566], [78.511069, 17.420554], [78.512157, 17.420367], [78.51327, 17.420184], [78.513826, 17.420064], [78.51441, 17.41999], [78.515033, 17.41995], [78.515719, 17.419932], [78.515785, 17.419931], [78.515808, 17.419928], [78.516214, 17.419888], [78.516538, 17.41983], [78.516987, 17.419778], [78.517346, 17.419694], [78.517691, 17.419579], [78.518145, 17.419494], [78.518669, 17.419419], [78.519291, 17.419413], [78.519337, 17.419411], [78.51958, 17.419402], [78.520169, 17.419285], [78.520389, 17.420164], [78.520632, 17.421166], [78.520775, 17.421759], [78.521114, 17.423168], [78.521239, 17.423912], [78.521275, 17.424537], [78.521233, 17.425154], [78.521114, 17.425673], [78.521044, 17.425902], [78.520906, 17.426345], [78.520754, 17.426675], [78.521057, 17.42707], [78.521462, 17.427599], [78.521981, 17.427522], [78.522286, 17.427434], [78.522581, 17.427339], [78.522714, 17.427324], [78.522819, 17.427343], [78.522938, 17.427391], [78.523081, 17.42741], [78.523209, 17.427419], [78.523461, 17.427391], [78.52379, 17.427358], [78.52418, 17.427286], [78.524337, 17.427286], [78.524427, 17.427348], [78.524642, 17.427439], [78.524646, 17.427441], [78.524796, 17.427517], [78.525013, 17.427591], [78.525055, 17.427629], [78.525355, 17.427895], [78.526248, 17.42891], [78.526469, 17.429161], [78.5265, 17.429196], [78.526588, 17.429367], [78.52637, 17.429563], [78.525977, 17.429932], [78.52546, 17.430438], [78.524871, 17.430979], [78.524056, 17.431681], [78.522658, 17.432817], [78.521789, 17.433549], [78.520921, 17.434376], [78.519933, 17.435232], [78.519184, 17.435988], [78.518982, 17.436166], [78.518518, 17.436565], [78.518208, 17.436815], [78.518, 17.436928], [78.517816, 17.436993], [78.517655, 17.437017], [78.517453, 17.437041], [78.517227, 17.437041], [78.517036, 17.437017], [78.516858, 17.436969], [78.516656, 17.43688], [78.516198, 17.436565], [78.51565, 17.436184], [78.514746, 17.435577], [78.514419, 17.435411], [78.513651, 17.435057], [78.512827, 17.434681], [78.512464, 17.434529], [78.512442, 17.43452], [78.511804, 17.434253], [78.511428, 17.434129], [78.510986, 17.43392], [78.510937, 17.433892], [78.5105, 17.433642], [78.510486, 17.433634], [78.510086, 17.433468], [78.509858, 17.433397], [78.509049, 17.433349], [78.507937, 17.433266], [78.506884, 17.433211], [78.506444, 17.433189], [78.506164, 17.432795], [78.505912, 17.432442], [78.505546, 17.431714], [78.505046, 17.430567], [78.50486, 17.430224], [78.504756, 17.4301], [78.504608, 17.429934], [78.504346, 17.429739], [78.503947, 17.429501], [78.503333, 17.429125], [78.502904, 17.428873], [78.502713, 17.428755], [78.502524, 17.428639], [78.502433, 17.428649], [78.5024, 17.428649], [78.50234, 17.428707], [78.502211, 17.428475], [78.502169, 17.428338], [78.502158, 17.428303], [78.502075, 17.428011], [78.502035, 17.427572], [78.502027, 17.427482], [78.501998, 17.427171], [78.50195, 17.426637], [78.501938, 17.425703], [78.50192, 17.424668], [78.50186, 17.423931], [78.501837, 17.423467], [78.501747, 17.422658], [78.501646, 17.422283], [78.501504, 17.422068], [78.501362, 17.421853], [78.501087, 17.421438], [78.500754, 17.420919], [78.500617, 17.420663], [78.500833, 17.420541], [78.50099, 17.420449], [78.501147, 17.420427], [78.501261, 17.420463], [78.501783, 17.420577], [78.502011, 17.420656], [78.502147, 17.420691], [78.502311, 17.420698], [78.502482, 17.420677], [78.503039, 17.42047], [78.503667, 17.420284], [78.503974, 17.420206], [78.50426, 17.420156], [78.504617, 17.420042], [78.504995, 17.419906], [78.505295, 17.419849], [78.505523, 17.419849], [78.505752, 17.419892], [78.506044, 17.420042], [78.506308, 17.420199], [78.506447, 17.420314], [78.506601, 17.420441], [78.506865, 17.420627], [78.507136, 17.420834], [78.507302, 17.420903], [78.507343, 17.42092], [78.5076, 17.421027], [78.507779, 17.421105], [78.507787, 17.421107]]]}}, {"type": "Feature", "id": "ps-49", "properties": {"source": "LawyerInsta Hyderabad PS map (https://www.lawyerinsta.com/hyderabad-ps-map) - RESEARCH COPY, NOT AUTHORITATIVE", "source_id": "ps-49", "slug": "lalaguda-police-station", "name": "Lalaguda Police Station", "ps_name": "Lalaguda", "commissionerate": "Hyderabad Commissionerate", "zone": "DCP Secunderabad Zone", "division": "ACP Chilkalguda", "ps_location": [78.527902, 17.434657], "has_geometry": true, "source_ring_count": 1, "geometry_interpretation": "single ring -> Polygon", "rings_closed_in_source": true, "our_ps_name": "Lalaguda", "our_match": "exact-key"}, "geometry": {"type": "Polygon", "coordinates": [[[78.529747, 17.44221], [78.529639, 17.442247], [78.529321, 17.442362], [78.528997, 17.442476], [78.528602, 17.442624], [78.528245, 17.442753], [78.527926, 17.442848], [78.527479, 17.442986], [78.527207, 17.443098], [78.527192, 17.443077], [78.526982, 17.4428], [78.526756, 17.442502], [78.526361, 17.442082], [78.526185, 17.441895], [78.525625, 17.441403], [78.525405, 17.441231], [78.52539, 17.441219], [78.525132, 17.441017], [78.524821, 17.440815], [78.524684, 17.440726], [78.52454, 17.440632], [78.524044, 17.440357], [78.523923, 17.440307], [78.523293, 17.440049], [78.523201, 17.440011], [78.523052, 17.439963], [78.522717, 17.439857], [78.522448, 17.439772], [78.521642, 17.439525], [78.521174, 17.439401], [78.520428, 17.439183], [78.520167, 17.439129], [78.519889, 17.439094], [78.519386, 17.439065], [78.51879, 17.439047], [78.518201, 17.439036], [78.517826, 17.439029], [78.517437, 17.438997], [78.517197, 17.438949], [78.517119, 17.438933], [78.516841, 17.438854], [78.516703, 17.438801], [78.516609, 17.438765], [78.516391, 17.438665], [78.5163, 17.438622], [78.51607, 17.438512], [78.515877, 17.438383], [78.515706, 17.438269], [78.515413, 17.43803], [78.514949, 17.437609], [78.514475, 17.43718], [78.513968, 17.436695], [78.51371, 17.436465], [78.513593, 17.43636], [78.513336, 17.43611], [78.513147, 17.435892], [78.513001, 17.435656], [78.512886, 17.435364], [78.512878, 17.435324], [78.51284, 17.435142], [78.512822, 17.434982], [78.512811, 17.434885], [78.512816, 17.434733], [78.512826, 17.434681], [78.512827, 17.434681], [78.513651, 17.435057], [78.514419, 17.435411], [78.514746, 17.435577], [78.51495, 17.435714], [78.51565, 17.436184], [78.516198, 17.436565], [78.516656, 17.43688], [78.516858, 17.436969], [78.517036, 17.437017], [78.517227, 17.437041], [78.517453, 17.437041], [78.517655, 17.437017], [78.517816, 17.436993], [78.518, 17.436928], [78.518208, 17.436815], [78.518518, 17.436565], [78.518982, 17.436166], [78.519184, 17.435988], [78.519933, 17.435232], [78.520921, 17.434376], [78.521789, 17.433549], [78.522658, 17.432817], [78.524056, 17.431681], [78.524871, 17.430979], [78.52546, 17.430438], [78.525977, 17.429932], [78.52637, 17.429563], [78.526588, 17.429367], [78.526792, 17.429183], [78.527149, 17.428945], [78.527302, 17.428866], [78.527542, 17.428742], [78.527994, 17.428528], [78.528571, 17.428296], [78.529243, 17.427999], [78.529618, 17.427797], [78.530052, 17.427481], [78.530492, 17.42716], [78.530628, 17.427058], [78.530998, 17.426779], [78.531301, 17.427023], [78.531564, 17.427245], [78.53201, 17.427616], [78.532146, 17.427738], [78.532414, 17.427966], [78.532518, 17.428068], [78.53269, 17.428237], [78.533199, 17.42873], [78.533721, 17.429278], [78.534139, 17.429718], [78.534147, 17.429727], [78.534188, 17.429769], [78.534655, 17.430271], [78.535333, 17.430961], [78.535357, 17.430991], [78.535933, 17.431632], [78.536322, 17.432099], [78.536475, 17.432306], [78.536579, 17.432424], [78.536732, 17.432556], [78.536886, 17.432677], [78.537068, 17.432788], [78.537289, 17.432909], [78.537461, 17.432981], [78.537678, 17.433081], [78.537821, 17.433145], [78.537982, 17.43322], [78.538314, 17.433423], [78.53837, 17.433454], [78.539317, 17.433498], [78.541064, 17.433902], [78.54325, 17.434312], [78.544938, 17.434677], [78.546045, 17.435329], [78.546338, 17.435564], [78.546962, 17.436203], [78.547051, 17.436303], [78.547521, 17.436868], [78.547628, 17.437114], [78.547783, 17.437469], [78.5477, 17.437505], [78.547353, 17.437608], [78.547216, 17.437648], [78.547099, 17.437683], [78.546581, 17.437868], [78.546403, 17.437969], [78.545998, 17.438641], [78.545356, 17.439795], [78.545186, 17.440007], [78.545142, 17.440063], [78.544998, 17.440186], [78.544981, 17.440194], [78.544542, 17.439473], [78.544324, 17.439114], [78.544247, 17.4388], [78.543998, 17.438978], [78.543816, 17.439136], [78.543748, 17.439278], [78.543716, 17.439439], [78.543701, 17.439625], [78.543648, 17.439764], [78.543505, 17.440028], [78.543384, 17.440225], [78.543277, 17.44041], [78.543187, 17.440671], [78.543105, 17.440864], [78.543095, 17.440978], [78.543073, 17.441096], [78.543023, 17.441188], [78.542923, 17.441324], [78.542795, 17.441485], [78.54267, 17.441599], [78.542566, 17.441688], [78.542438, 17.441752], [78.542195, 17.441819], [78.542099, 17.441845], [78.541988, 17.441802], [78.541367, 17.440967], [78.541233, 17.441056], [78.541172, 17.440998], [78.540176, 17.440867], [78.538396, 17.441021], [78.538379, 17.4411], [78.538219, 17.441083], [78.538005, 17.441076], [78.537665, 17.441069], [78.537515, 17.441064], [78.537408, 17.44105], [78.537141, 17.441036], [78.536794, 17.44104], [78.536468, 17.441076], [78.536044, 17.44109], [78.535711, 17.441085], [78.535478, 17.441119], [78.535245, 17.441138], [78.534959, 17.441143], [78.534778, 17.441171], [78.534826, 17.441423], [78.533886, 17.441501], [78.533676, 17.441493], [78.533348, 17.441632], [78.532995, 17.441807], [78.53274, 17.441916], [78.53272, 17.441789], [78.53267, 17.441589], [78.532495, 17.441457], [78.532437, 17.441417], [78.532381, 17.441378], [78.532318, 17.441289], [78.532195, 17.441114], [78.531842, 17.441228], [78.531578, 17.441328], [78.531474, 17.441368], [78.531385, 17.441425], [78.531206, 17.441575], [78.531429, 17.441825], [78.531745, 17.442189], [78.531521, 17.442239], [78.531131, 17.442267], [78.530839, 17.442242], [78.530564, 17.442217], [78.53016, 17.442185], [78.529936, 17.442181], [78.529747, 17.44221]]]}}, {"type": "Feature", "id": "ps-50", "properties": {"source": "LawyerInsta Hyderabad PS map (https://www.lawyerinsta.com/hyderabad-ps-map) - RESEARCH COPY, NOT AUTHORITATIVE", "source_id": "ps-50", "slug": "warasiguda-police-station", "name": "Warasiguda Police Station", "ps_name": "Warasiguda", "commissionerate": "Hyderabad Commissionerate", "zone": "DCP Secunderabad Zone", "division": "ACP Chilkalguda", "ps_location": [78.517362, 17.416067], "has_geometry": true, "source_ring_count": 1, "geometry_interpretation": "single ring -> Polygon", "rings_closed_in_source": true, "our_ps_name": "Warasiguda", "our_match": "exact-key"}, "geometry": {"type": "Polygon", "coordinates": [[[78.509158, 17.420514], [78.509112, 17.420539], [78.509101, 17.420545], [78.509083, 17.420572], [78.508927, 17.420791], [78.508842, 17.420903], [78.50878, 17.420957], [78.508651, 17.421036], [78.508384, 17.421111], [78.508315, 17.421123], [78.50818, 17.421132], [78.507958, 17.421145], [78.507787, 17.421107], [78.507779, 17.421105], [78.5076, 17.421027], [78.507343, 17.42092], [78.507302, 17.420903], [78.507136, 17.420834], [78.506865, 17.420627], [78.506601, 17.420441], [78.506447, 17.420314], [78.506308, 17.420199], [78.506044, 17.420042], [78.506097, 17.419992], [78.505957, 17.418462], [78.505947, 17.41804], [78.505936, 17.417605], [78.505882, 17.416151], [78.506348, 17.416094], [78.506916, 17.416058], [78.50794, 17.416239], [78.508444, 17.416252], [78.509009, 17.415954], [78.509055, 17.415943], [78.509386, 17.415863], [78.509829, 17.415794], [78.509823, 17.415735], [78.509813, 17.415632], [78.509723, 17.414705], [78.509395, 17.414557], [78.509198, 17.41437], [78.509026, 17.41395], [78.508997, 17.413614], [78.508977, 17.413544], [78.508393, 17.411486], [78.507835, 17.410349], [78.508641, 17.409376], [78.508952, 17.409123], [78.509233, 17.408896], [78.510476, 17.408485], [78.510988, 17.408383], [78.511424, 17.408329], [78.512191, 17.407769], [78.513865, 17.409284], [78.514723, 17.411127], [78.516919, 17.410629], [78.517017, 17.410523], [78.517301, 17.410007], [78.517362, 17.409822], [78.517972, 17.41011], [78.518669, 17.413026], [78.519424, 17.416207], [78.520169, 17.419285], [78.51958, 17.419402], [78.519337, 17.419411], [78.519291, 17.419413], [78.518669, 17.419419], [78.518145, 17.419494], [78.517691, 17.419579], [78.517346, 17.419694], [78.516987, 17.419778], [78.516538, 17.41983], [78.516214, 17.419888], [78.515808, 17.419928], [78.515785, 17.419931], [78.515719, 17.419932], [78.515033, 17.41995], [78.514711, 17.419971], [78.51441, 17.41999], [78.513826, 17.420064], [78.51327, 17.420184], [78.512157, 17.420367], [78.511069, 17.420554], [78.510895, 17.420566], [78.510731, 17.420564], [78.509722, 17.420451], [78.509158, 17.420514]]]}}, {"type": "Feature", "id": "ps-51", "properties": {"source": "LawyerInsta Hyderabad PS map (https://www.lawyerinsta.com/hyderabad-ps-map) - RESEARCH COPY, NOT AUTHORITATIVE", "source_id": "ps-51", "slug": "gandhi-nagar-police-station", "name": "Gandhi Nagar Police Station", "ps_name": "Gandhi Nagar", "commissionerate": "Hyderabad Commissionerate", "zone": "DCP Secunderabad Zone", "division": "ACP Gandhinagar", "ps_location": [78.496915, 17.430462], "has_geometry": true, "source_ring_count": 1, "geometry_interpretation": "single ring -> Polygon", "rings_closed_in_source": true, "our_ps_name": "Gandhinagar", "our_match": "exact-key"}, "geometry": {"type": "Polygon", "coordinates": [[[78.487958, 17.428413], [78.487697, 17.428425], [78.487358, 17.427715], [78.486664, 17.426631], [78.486205, 17.425586], [78.485968, 17.424675], [78.485772, 17.423597], [78.485603, 17.423212], [78.485359, 17.422863], [78.48506, 17.422473], [78.485365, 17.422342], [78.48559, 17.422254], [78.486625, 17.42241], [78.486952, 17.422614], [78.487032, 17.422649], [78.487238, 17.422484], [78.487562, 17.422096], [78.487775, 17.421779], [78.487875, 17.421417], [78.48797, 17.42105], [78.488748, 17.419684], [78.488952, 17.419325], [78.4892, 17.418693], [78.48956, 17.417851], [78.489591, 17.417756], [78.48946, 17.417128], [78.489367, 17.416644], [78.489223, 17.416633], [78.489133, 17.415542], [78.48913, 17.415502], [78.489383, 17.415473], [78.489593, 17.415449], [78.490487, 17.415345], [78.490687, 17.416872], [78.49083, 17.4177], [78.491008, 17.418114], [78.491215, 17.418571], [78.491587, 17.419249], [78.491986, 17.42002], [78.492243, 17.420449], [78.492807, 17.421105], [78.493271, 17.421655], [78.493607, 17.422069], [78.493985, 17.422647], [78.494278, 17.422961], [78.494549, 17.423204], [78.49467, 17.423247], [78.494742, 17.423261], [78.494885, 17.42319], [78.495206, 17.422947], [78.495477, 17.422704], [78.495837, 17.42238], [78.496062, 17.422162], [78.496476, 17.421962], [78.496969, 17.421769], [78.497676, 17.421512], [78.498704, 17.42122], [78.499373, 17.421029], [78.499582, 17.42097], [78.500617, 17.420663], [78.500754, 17.420919], [78.501087, 17.421438], [78.501362, 17.421853], [78.501504, 17.422068], [78.501646, 17.422283], [78.501747, 17.422658], [78.501837, 17.423467], [78.50186, 17.423931], [78.50192, 17.424668], [78.501938, 17.425703], [78.50195, 17.426637], [78.501998, 17.427171], [78.502027, 17.427482], [78.502035, 17.427572], [78.502075, 17.428011], [78.502158, 17.428303], [78.502169, 17.428338], [78.502211, 17.428475], [78.50234, 17.428707], [78.502276, 17.428885], [78.502211, 17.429094], [78.502051, 17.429451], [78.501703, 17.429866], [78.501325, 17.43025], [78.500667, 17.430542], [78.49998, 17.430654], [78.499853, 17.430693], [78.49933, 17.430854], [78.498799, 17.431352], [78.498477, 17.43154], [78.498234, 17.431824], [78.498178, 17.432019], [78.497962, 17.432008], [78.497653, 17.431966], [78.496951, 17.431853], [78.496521, 17.431769], [78.496358, 17.431747], [78.494863, 17.431544], [78.493542, 17.431318], [78.49287, 17.431276], [78.49271, 17.431315], [78.492643, 17.431061], [78.492536, 17.430888], [78.49206, 17.430347], [78.491917, 17.430192], [78.491602, 17.429984], [78.490989, 17.429585], [78.490317, 17.429139], [78.489841, 17.428907], [78.488853, 17.428633], [78.488116, 17.428473], [78.487958, 17.428413]]]}}, {"type": "Feature", "id": "ps-52", "properties": {"source": "LawyerInsta Hyderabad PS map (https://www.lawyerinsta.com/hyderabad-ps-map) - RESEARCH COPY, NOT AUTHORITATIVE", "source_id": "ps-52", "slug": "domalguda-police-station", "name": "Domalguda Police Station", "ps_name": "Domalguda", "commissionerate": "Hyderabad Commissionerate", "zone": "DCP Secunderabad Zone", "division": "ACP Gandhinagar", "ps_location": [78.497382, 17.408961], "has_geometry": true, "source_ring_count": 1, "geometry_interpretation": "single ring -> Polygon", "rings_closed_in_source": true, "our_ps_name": "Domalguda", "our_match": "exact-key"}, "geometry": {"type": "Polygon", "coordinates": [[[78.477334, 17.412374], [78.476956, 17.411863], [78.476323, 17.41084], [78.475534, 17.409893], [78.475551, 17.409386], [78.475797, 17.409041], [78.475745, 17.408952], [78.476084, 17.408613], [78.476469, 17.408106], [78.476798, 17.407685], [78.477012, 17.407286], [78.477112, 17.407353], [78.477218, 17.407133], [78.477311, 17.406969], [78.477381, 17.406911], [78.477567, 17.406871], [78.47797, 17.406792], [78.478162, 17.406737], [78.478416, 17.406639], [78.478962, 17.406422], [78.479219, 17.406327], [78.479363, 17.40626], [78.479505, 17.406158], [78.479951, 17.405837], [78.480362, 17.405535], [78.480416, 17.405489], [78.480666, 17.405301], [78.48087, 17.40513], [78.480955, 17.405064], [78.481027, 17.405015], [78.481146, 17.40496], [78.481485, 17.404749], [78.481629, 17.404641], [78.481687, 17.40458], [78.482075, 17.404201], [78.482653, 17.403709], [78.482734, 17.403636], [78.483532, 17.402837], [78.483643, 17.402728], [78.483794, 17.402615], [78.484088, 17.402464], [78.484454, 17.40228], [78.484865, 17.40212], [78.484864, 17.402118], [78.485543, 17.401854], [78.485668, 17.401805], [78.486501, 17.401466], [78.487121, 17.401252], [78.487151, 17.401241], [78.487447, 17.401194], [78.487816, 17.401142], [78.488123, 17.401124], [78.488222, 17.401173], [78.488336, 17.401219], [78.488494, 17.401251], [78.488597, 17.401241], [78.488847, 17.401202], [78.488855, 17.401244], [78.489041, 17.402396], [78.489245, 17.403345], [78.489361, 17.404252], [78.489479, 17.405338], [78.489489, 17.405411], [78.489607, 17.406234], [78.489793, 17.407282], [78.489645, 17.408289], [78.489658, 17.408791], [78.489604, 17.409472], [78.489587, 17.409557], [78.489401, 17.410075], [78.489201, 17.410555], [78.488842, 17.411418], [78.48872, 17.411825], [78.488634, 17.412953], [78.488674, 17.413813], [78.488866, 17.414561], [78.48909, 17.415391], [78.489133, 17.41587], [78.489223, 17.416961], [78.489367, 17.416972], [78.48946, 17.417456], [78.489591, 17.418084], [78.48956, 17.418179], [78.4892, 17.419021], [78.488952, 17.419653], [78.488748, 17.420012], [78.48797, 17.421378], [78.487875, 17.421745], [78.487775, 17.422107], [78.487562, 17.422424], [78.487238, 17.422812], [78.487032, 17.422977], [78.486952, 17.422942], [78.486625, 17.422738], [78.48559, 17.422582], [78.485365, 17.42267], [78.48506, 17.422801], [78.484431, 17.421868], [78.482889, 17.419956], [78.481362, 17.418044], [78.480216, 17.416638], [78.479232, 17.415379], [78.478323, 17.413873], [78.477334, 17.412374]]]}}, {"type": "Feature", "id": "ps-53", "properties": {"source": "LawyerInsta Hyderabad PS map (https://www.lawyerinsta.com/hyderabad-ps-map) - RESEARCH COPY, NOT AUTHORITATIVE", "source_id": "ps-53", "slug": "mahankali-police-station", "name": "Mahankali Police Station", "ps_name": "Mahankali", "commissionerate": "Hyderabad Commissionerate", "zone": "DCP Secunderabad Zone", "division": "ACP Mahankali", "ps_location": [78.490978, 17.435891], "has_geometry": true, "source_ring_count": 1, "geometry_interpretation": "single ring -> Polygon", "rings_closed_in_source": true, "our_ps_name": "Mahankali", "our_match": "exact-key"}, "geometry": {"type": "Polygon", "coordinates": [[[78.492892, 17.431915], [78.493077, 17.432572], [78.493215, 17.433147], [78.493306, 17.433433], [78.493367, 17.433628], [78.49342, 17.433937], [78.49342, 17.434161], [78.493382, 17.434366], [78.493377, 17.434522], [78.493372, 17.434685], [78.493386, 17.434794], [78.493397, 17.434823], [78.493429, 17.434913], [78.493507, 17.435106], [78.493528, 17.435145], [78.49372, 17.435727], [78.494029, 17.436888], [78.494153, 17.437316], [78.4942, 17.43743], [78.494324, 17.437606], [78.494529, 17.43783], [78.494952, 17.438254], [78.49499, 17.43832], [78.495071, 17.438663], [78.495185, 17.43922], [78.495338, 17.440072], [78.495403, 17.440396], [78.495542, 17.441242], [78.49559, 17.441994], [78.495701, 17.443127], [78.49444, 17.443147], [78.494128, 17.443152], [78.49245, 17.443216], [78.491115, 17.443252], [78.489609, 17.443302], [78.48846, 17.443338], [78.487502, 17.443331], [78.487491, 17.443161], [78.487538, 17.442102], [78.487574, 17.441941], [78.487636, 17.441686], [78.487764, 17.441162], [78.48793, 17.440598], [78.487996, 17.440371], [78.488184, 17.439865], [78.488407, 17.439264], [78.488585, 17.438699], [78.488674, 17.438259], [78.48868, 17.437813], [78.48865, 17.436671], [78.488609, 17.436231], [78.48852, 17.435398], [78.488407, 17.433238], [78.488351, 17.432388], [78.488499, 17.432343], [78.489812, 17.43194], [78.490952, 17.431572], [78.491682, 17.43138], [78.49271, 17.431315], [78.492892, 17.431915]]]}}, {"type": "Feature", "id": "ps-54", "properties": {"source": "LawyerInsta Hyderabad PS map (https://www.lawyerinsta.com/hyderabad-ps-map) - RESEARCH COPY, NOT AUTHORITATIVE", "source_id": "ps-54", "slug": "ramgopalpet-police-station", "name": "Ramgopalpet Police Station", "ps_name": "Ramgopalpet", "commissionerate": "Hyderabad Commissionerate", "zone": "DCP Secunderabad Zone", "division": "ACP Mahankali", "ps_location": [78.479075, 17.44068], "has_geometry": true, "source_ring_count": 1, "geometry_interpretation": "single ring -> Polygon", "rings_closed_in_source": true, "our_ps_name": "Ramgopalpet", "our_match": "exact-key"}, "geometry": {"type": "Polygon", "coordinates": [[[78.482157, 17.443407], [78.481096, 17.44343], [78.480311, 17.443445], [78.479682, 17.443445], [78.479085, 17.443477], [78.479019, 17.44348], [78.478319, 17.443502], [78.477501, 17.443517], [78.477327, 17.443523], [78.477006, 17.441417], [78.47677, 17.439947], [78.476706, 17.439533], [78.476506, 17.438676], [78.477118, 17.438592], [78.477942, 17.438479], [78.478069, 17.438462], [78.478062, 17.438348], [78.477955, 17.437677], [78.477912, 17.437084], [78.477641, 17.4355], [78.477498, 17.435521], [78.477333, 17.435539], [78.478864, 17.435271], [78.479648, 17.435077], [78.480248, 17.434894], [78.480467, 17.434828], [78.482738, 17.434138], [78.484786, 17.433519], [78.485315, 17.433346], [78.485974, 17.433135], [78.487518, 17.43264], [78.488351, 17.432388], [78.488407, 17.433238], [78.48852, 17.435398], [78.488609, 17.436231], [78.48865, 17.436671], [78.48868, 17.437813], [78.488674, 17.438259], [78.488585, 17.438699], [78.488407, 17.439264], [78.488184, 17.439865], [78.487996, 17.440371], [78.48793, 17.440598], [78.487764, 17.441162], [78.487636, 17.441686], [78.487574, 17.441941], [78.487538, 17.442102], [78.487491, 17.443161], [78.487502, 17.443331], [78.487408, 17.44333], [78.485655, 17.44333], [78.48377, 17.443388], [78.482616, 17.443418], [78.482388, 17.443402], [78.482157, 17.443407]]]}}, {"type": "Feature", "id": "ps-55", "properties": {"source": "LawyerInsta Hyderabad PS map (https://www.lawyerinsta.com/hyderabad-ps-map) - RESEARCH COPY, NOT AUTHORITATIVE", "source_id": "ps-55", "slug": "ou-sity-police-station", "name": "OU Sity Police Station", "ps_name": "OU Sity", "commissionerate": "Hyderabad Commissionerate", "zone": "DCP Secunderabad Zone", "division": "ACP Osmania University", "ps_location": [78.525816, 17.421558], "has_geometry": true, "source_ring_count": 1, "geometry_interpretation": "single ring -> Polygon", "rings_closed_in_source": true, "our_ps_name": "OU Sity", "our_match": "exact-key"}, "geometry": {"type": "Polygon", "coordinates": [[[78.53837, 17.433454], [78.538314, 17.433423], [78.537982, 17.43322], [78.537821, 17.433145], [78.537678, 17.433081], [78.537461, 17.432981], [78.537289, 17.432909], [78.537068, 17.432788], [78.536886, 17.432677], [78.536732, 17.432556], [78.536579, 17.432424], [78.536475, 17.432306], [78.536322, 17.432099], [78.535933, 17.431632], [78.535357, 17.430991], [78.535333, 17.430961], [78.534655, 17.430271], [78.534188, 17.429769], [78.534147, 17.429727], [78.534139, 17.429718], [78.533721, 17.429278], [78.533199, 17.42873], [78.53269, 17.428237], [78.532518, 17.428068], [78.532414, 17.427966], [78.532146, 17.427738], [78.53201, 17.427616], [78.531564, 17.427245], [78.531301, 17.427023], [78.530998, 17.426779], [78.530628, 17.427058], [78.530492, 17.42716], [78.530052, 17.427481], [78.529618, 17.427797], [78.529243, 17.427999], [78.528571, 17.428296], [78.527994, 17.428528], [78.527542, 17.428742], [78.527302, 17.428866], [78.527149, 17.428945], [78.526792, 17.429183], [78.526588, 17.429367], [78.5265, 17.429196], [78.526469, 17.429161], [78.526248, 17.42891], [78.525355, 17.427895], [78.525055, 17.427629], [78.525013, 17.427591], [78.524796, 17.427517], [78.524646, 17.427441], [78.524642, 17.427439], [78.524427, 17.427348], [78.524337, 17.427286], [78.52418, 17.427286], [78.52379, 17.427358], [78.523461, 17.427391], [78.523209, 17.427419], [78.523081, 17.42741], [78.522938, 17.427391], [78.522819, 17.427343], [78.522714, 17.427324], [78.522581, 17.427339], [78.522286, 17.427434], [78.521981, 17.427522], [78.521462, 17.427599], [78.521057, 17.42707], [78.520754, 17.426675], [78.520906, 17.426345], [78.521044, 17.425902], [78.521114, 17.425673], [78.521233, 17.425154], [78.521275, 17.424537], [78.521239, 17.423912], [78.521114, 17.423168], [78.520775, 17.421759], [78.520632, 17.421166], [78.520389, 17.420164], [78.520169, 17.419285], [78.520145, 17.419189], [78.519395, 17.416089], [78.518765, 17.413484], [78.518626, 17.4129], [78.518408, 17.411979], [78.518075, 17.410575], [78.518032, 17.410426], [78.517964, 17.410188], [78.517869, 17.409896], [78.517729, 17.409536], [78.517489, 17.409099], [78.517221, 17.408683], [78.516852, 17.408219], [78.516239, 17.407547], [78.515698, 17.406928], [78.51494, 17.406145], [78.515175, 17.406042], [78.51565, 17.405847], [78.51618, 17.405631], [78.516265, 17.405597], [78.516302, 17.405582], [78.516374, 17.405553], [78.517536, 17.405084], [78.518744, 17.40462], [78.519428, 17.404328], [78.520891, 17.403817], [78.521552, 17.403513], [78.521983, 17.403314], [78.522015, 17.403299], [78.521988, 17.402894], [78.521938, 17.402167], [78.521902, 17.401652], [78.522207, 17.401486], [78.522645, 17.401247], [78.522842, 17.40114], [78.522723, 17.400843], [78.52242, 17.400331], [78.521932, 17.399754], [78.521765, 17.399572], [78.52173, 17.399534], [78.521617, 17.399373], [78.521534, 17.399219], [78.52152, 17.399156], [78.52148, 17.398975], [78.521234, 17.398471], [78.521206, 17.398415], [78.521403, 17.398374], [78.52208, 17.398235], [78.522474, 17.398154], [78.522563, 17.398082], [78.522585, 17.398075], [78.52289, 17.397981], [78.523068, 17.397886], [78.523336, 17.397844], [78.523889, 17.397856], [78.524295, 17.397808], [78.524561, 17.397803], [78.524556, 17.397143], [78.524556, 17.397083], [78.524603, 17.396554], [78.524758, 17.396464], [78.524782, 17.396137], [78.525159, 17.39604], [78.525269, 17.396012], [78.525275, 17.395965], [78.525357, 17.39594], [78.525412, 17.395923], [78.525456, 17.396002], [78.525663, 17.396379], [78.525746, 17.396529], [78.525799, 17.396625], [78.525912, 17.39656], [78.525909, 17.396514], [78.525906, 17.39647], [78.52609, 17.396393], [78.526263, 17.396316], [78.52634, 17.396393], [78.526392, 17.396514], [78.526727, 17.397291], [78.527119, 17.39716], [78.527881, 17.396881], [78.528441, 17.396609], [78.528682, 17.396543], [78.528971, 17.396513], [78.52924, 17.396559], [78.529428, 17.396704], [78.529486, 17.397017], [78.529356, 17.398481], [78.530416, 17.398944], [78.530623, 17.399034], [78.53061, 17.399184], [78.530581, 17.399527], [78.531552, 17.399595], [78.531667, 17.399713], [78.53182, 17.399871], [78.531787, 17.400353], [78.53182, 17.401376], [78.531946, 17.401425], [78.533267, 17.401938], [78.535385, 17.402771], [78.535401, 17.402904], [78.536199, 17.40515], [78.536342, 17.405159], [78.537431, 17.405226], [78.538483, 17.405277], [78.538356, 17.404786], [78.538193, 17.404156], [78.537931, 17.403209], [78.538561, 17.403186], [78.538642, 17.403151], [78.542136, 17.40271], [78.542321, 17.402922], [78.542537, 17.403044], [78.542849, 17.403047], [78.543565, 17.403115], [78.544843, 17.403009], [78.545465, 17.403106], [78.545836, 17.403349], [78.545988, 17.40365], [78.546106, 17.404189], [78.546103, 17.404484], [78.546398, 17.404504], [78.546602, 17.404517], [78.546673, 17.404522], [78.546718, 17.406524], [78.546806, 17.406597], [78.547373, 17.406935], [78.547511, 17.406944], [78.547462, 17.407048], [78.547392, 17.407196], [78.548134, 17.408581], [78.548881, 17.410019], [78.549381, 17.411137], [78.54963, 17.411863], [78.548443, 17.412969], [78.547649, 17.413669], [78.546959, 17.414306], [78.546725, 17.414535], [78.54623, 17.414949], [78.545536, 17.41552], [78.544346, 17.416538], [78.543323, 17.417433], [78.542652, 17.418018], [78.541652, 17.418951], [78.541362, 17.419222], [78.541081, 17.419532], [78.540596, 17.420217], [78.540334, 17.420545], [78.540001, 17.42094], [78.539749, 17.421207], [78.539497, 17.421388], [78.538916, 17.421778], [78.538326, 17.422216], [78.538136, 17.422396], [78.537817, 17.422701], [78.537569, 17.422991], [78.537327, 17.423282], [78.537051, 17.42362], [78.536665, 17.424024], [78.536318, 17.424376], [78.536046, 17.424576], [78.535851, 17.424681], [78.53588, 17.424695], [78.538174, 17.426765], [78.538241, 17.426632], [78.540648, 17.42439], [78.541053, 17.424015], [78.541119, 17.423981], [78.541186, 17.423981], [78.541272, 17.423991], [78.541324, 17.42401], [78.541376, 17.424086], [78.541591, 17.424524], [78.541951, 17.425149], [78.542212, 17.425413], [78.5428, 17.425749], [78.54296, 17.425982], [78.542961, 17.426318], [78.543018, 17.42648], [78.543328, 17.426875], [78.54377, 17.427351], [78.544151, 17.42785], [78.544244, 17.427851], [78.54496, 17.427774], [78.544986, 17.427866], [78.545179, 17.428321], [78.545249, 17.428325], [78.545426, 17.428326], [78.545912, 17.428345], [78.546678, 17.428412], [78.546678, 17.428578], [78.546492, 17.428674], [78.546507, 17.429083], [78.546402, 17.430534], [78.546578, 17.430692], [78.546521, 17.431353], [78.546559, 17.431667], [78.546625, 17.431952], [78.546748, 17.432311], [78.54664, 17.432343], [78.54644, 17.432471], [78.546192, 17.432552], [78.545745, 17.4327], [78.545093, 17.432842], [78.545139, 17.43308], [78.544937, 17.433365], [78.544795, 17.433555], [78.544851, 17.433843], [78.544948, 17.434093], [78.546045, 17.435329], [78.544938, 17.434677], [78.54325, 17.434312], [78.541064, 17.433902], [78.539317, 17.433498], [78.53837, 17.433454]]]}}, {"type": "Feature", "id": "ps-56", "properties": {"source": "LawyerInsta Hyderabad PS map (https://www.lawyerinsta.com/hyderabad-ps-map) - RESEARCH COPY, NOT AUTHORITATIVE", "source_id": "ps-56", "slug": "nallakunta-police-station", "name": "Nallakunta Police Station", "ps_name": "Nallakunta", "commissionerate": "Hyderabad Commissionerate", "zone": "DCP Secunderabad Zone", "division": "ACP Osmania University", "ps_location": [78.51333, 17.407629], "has_geometry": true, "source_ring_count": 1, "geometry_interpretation": "single ring -> Polygon", "rings_closed_in_source": true, "our_ps_name": "Nallakunta", "our_match": "exact-key"}, "geometry": {"type": "Polygon", "coordinates": [[[78.510408, 17.40847], [78.510367, 17.408419], [78.510187, 17.408256], [78.509991, 17.408095], [78.509944, 17.408056], [78.509694, 17.407892], [78.509316, 17.407628], [78.509045, 17.407442], [78.508866, 17.40735], [78.508638, 17.4072], [78.508477, 17.407127], [78.508365, 17.407131], [78.508275, 17.407109], [78.508204, 17.407032], [78.508121, 17.406913], [78.507847, 17.406449], [78.507431, 17.4058], [78.507121, 17.40539], [78.506967, 17.40508], [78.506514, 17.404045], [78.506413, 17.403786], [78.5063, 17.403498], [78.506229, 17.403129], [78.50589, 17.402439], [78.505809, 17.402416], [78.505658, 17.402374], [78.505527, 17.402189], [78.505426, 17.401969], [78.50536, 17.401577], [78.505122, 17.401107], [78.504849, 17.400482], [78.504724, 17.400315], [78.504296, 17.399965], [78.503772, 17.399655], [78.503544, 17.399505], [78.503267, 17.399322], [78.503011, 17.399132], [78.502918, 17.399136], [78.502434, 17.399156], [78.502087, 17.399148], [78.501864, 17.399144], [78.501559, 17.399138], [78.50137, 17.399093], [78.501089, 17.399027], [78.500881, 17.398978], [78.500723, 17.398904], [78.500657, 17.398831], [78.500279, 17.39791], [78.500079, 17.397477], [78.500077, 17.397473], [78.500033, 17.397371], [78.50002, 17.397349], [78.499924, 17.39714], [78.499573, 17.396657], [78.499353, 17.396497], [78.499139, 17.39636], [78.498752, 17.396211], [78.498467, 17.39614], [78.498102, 17.396144], [78.497615, 17.396167], [78.497391, 17.396196], [78.49721, 17.396263], [78.496873, 17.396543], [78.496744, 17.396672], [78.496653, 17.396643], [78.496547, 17.396495], [78.496955, 17.396122], [78.49721, 17.395956], [78.497639, 17.395837], [78.49793, 17.395688], [78.498121, 17.395569], [78.49813, 17.395564], [78.498323, 17.395456], [78.498561, 17.395349], [78.498646, 17.395336], [78.498799, 17.395313], [78.499144, 17.395349], [78.499703, 17.395402], [78.500363, 17.395373], [78.500928, 17.395325], [78.501375, 17.395212], [78.501797, 17.395063], [78.50216, 17.394927], [78.5026, 17.394837], [78.503023, 17.394683], [78.50318, 17.394625], [78.503219, 17.394611], [78.504024, 17.394183], [78.504605, 17.394782], [78.505235, 17.394478], [78.505414, 17.394437], [78.505598, 17.394401], [78.506157, 17.394354], [78.50765, 17.394217], [78.50806, 17.394174], [78.508556, 17.394123], [78.50909, 17.394068], [78.510226, 17.393967], [78.510484, 17.393954], [78.510697, 17.393943], [78.510809, 17.393937], [78.510857, 17.393931], [78.510859, 17.394312], [78.510883, 17.394564], [78.510899, 17.394681], [78.510902, 17.394702], [78.510917, 17.394741], [78.510993, 17.394931], [78.511216, 17.395469], [78.511673, 17.396473], [78.512278, 17.397886], [78.512863, 17.399204], [78.513482, 17.400641], [78.513891, 17.40155], [78.514433, 17.402835], [78.514976, 17.40412], [78.515342, 17.404944], [78.515396, 17.405118], [78.515447, 17.405281], [78.515533, 17.4053], [78.515581, 17.405321], [78.515932, 17.405467], [78.516147, 17.405543], [78.516265, 17.405597], [78.51618, 17.405631], [78.51565, 17.405847], [78.515175, 17.406042], [78.51494, 17.406145], [78.515698, 17.406928], [78.516239, 17.407547], [78.516852, 17.408219], [78.517221, 17.408683], [78.517489, 17.409099], [78.517729, 17.409536], [78.517869, 17.409896], [78.517933, 17.410092], [78.517362, 17.409822], [78.517301, 17.410007], [78.517017, 17.410523], [78.516919, 17.410629], [78.514723, 17.411127], [78.513865, 17.409284], [78.512191, 17.407769], [78.511424, 17.408329], [78.510988, 17.408383], [78.510476, 17.408485], [78.510427, 17.408501], [78.510408, 17.40847]]]}}, {"type": "Feature", "id": "ps-57", "properties": {"source": "LawyerInsta Hyderabad PS map (https://www.lawyerinsta.com/hyderabad-ps-map) - RESEARCH COPY, NOT AUTHORITATIVE", "source_id": "ps-57", "slug": "amberpet-police-station", "name": "Amberpet Police Station", "ps_name": "Amberpet", "commissionerate": "Hyderabad Commissionerate", "zone": "DCP Secunderabad Zone", "division": "ACP Osmania University", "ps_location": [78.516736, 17.389972], "has_geometry": true, "source_ring_count": 1, "geometry_interpretation": "single ring -> Polygon", "rings_closed_in_source": true, "our_ps_name": "Amberpet", "our_match": "exact-key"}, "geometry": {"type": "Polygon", "coordinates": [[[78.523068, 17.397886], [78.52289, 17.397981], [78.522585, 17.398075], [78.522563, 17.398082], [78.522474, 17.398154], [78.52208, 17.398235], [78.521403, 17.398374], [78.521206, 17.398415], [78.521234, 17.398471], [78.52148, 17.398975], [78.52152, 17.399156], [78.521534, 17.399219], [78.521617, 17.399373], [78.52173, 17.399534], [78.521765, 17.399572], [78.521932, 17.399754], [78.52242, 17.400331], [78.522723, 17.400843], [78.522842, 17.40114], [78.522645, 17.401247], [78.522207, 17.401486], [78.521902, 17.401652], [78.521938, 17.402167], [78.521988, 17.402894], [78.522015, 17.403299], [78.521983, 17.403314], [78.521552, 17.403513], [78.520891, 17.403817], [78.519428, 17.404328], [78.518744, 17.40462], [78.517536, 17.405084], [78.516374, 17.405553], [78.516302, 17.405582], [78.516265, 17.405597], [78.516147, 17.405543], [78.515932, 17.405467], [78.515581, 17.405321], [78.515533, 17.4053], [78.515447, 17.405281], [78.515396, 17.405118], [78.515342, 17.404944], [78.514976, 17.40412], [78.514433, 17.402835], [78.513891, 17.40155], [78.513482, 17.400641], [78.512863, 17.399204], [78.512278, 17.397886], [78.511673, 17.396473], [78.511216, 17.395469], [78.510993, 17.394931], [78.510917, 17.394741], [78.510902, 17.394702], [78.510899, 17.394681], [78.510883, 17.394564], [78.510859, 17.394312], [78.510857, 17.393931], [78.510855, 17.393351], [78.510845, 17.392508], [78.510853, 17.391896], [78.510855, 17.391723], [78.510891, 17.391236], [78.510507, 17.391173], [78.510458, 17.391165], [78.51026, 17.391131], [78.509691, 17.391034], [78.508596, 17.390897], [78.507579, 17.390707], [78.506873, 17.39058], [78.506853, 17.390576], [78.50627, 17.390469], [78.506258, 17.390465], [78.505961, 17.390374], [78.505568, 17.390142], [78.505539, 17.390123], [78.505267, 17.389947], [78.504914, 17.38972], [78.504643, 17.389542], [78.50489, 17.389178], [78.505616, 17.387983], [78.505723, 17.38756], [78.505723, 17.387334], [78.505646, 17.387037], [78.505533, 17.386721], [78.505521, 17.386596], [78.505539, 17.386382], [78.505652, 17.386103], [78.505776, 17.385842], [78.506047, 17.3857], [78.506259, 17.385601], [78.507109, 17.385566], [78.507675, 17.385566], [78.507888, 17.385566], [78.507997, 17.385562], [78.508608, 17.385536], [78.509054, 17.385578], [78.509452, 17.38569], [78.510089, 17.38587], [78.510351, 17.385893], [78.510356, 17.385893], [78.510666, 17.385858], [78.510988, 17.38578], [78.511291, 17.385614], [78.511607, 17.3854], [78.512421, 17.384682], [78.513431, 17.383929], [78.513477, 17.383826], [78.513506, 17.383561], [78.51357, 17.383115], [78.513723, 17.382716], [78.513753, 17.382672], [78.514009, 17.382293], [78.514259, 17.381923], [78.514694, 17.381241], [78.514823, 17.381095], [78.515019, 17.38097], [78.515519, 17.380642], [78.516011, 17.380306], [78.516328, 17.380051], [78.517253, 17.379311], [78.518217, 17.378579], [78.519131, 17.378054], [78.519905, 17.377487], [78.520797, 17.377055], [78.521725, 17.376673], [78.522197, 17.376527], [78.522561, 17.376487], [78.523028, 17.376587], [78.523467, 17.376584], [78.524342, 17.376359], [78.525039, 17.376134], [78.52676, 17.381264], [78.526985, 17.381232], [78.527352, 17.381132], [78.527742, 17.38098], [78.52827, 17.38078], [78.52887, 17.380499], [78.529117, 17.380908], [78.529443, 17.381483], [78.529633, 17.381763], [78.52995, 17.382293], [78.530212, 17.382688], [78.529836, 17.382788], [78.529227, 17.382936], [78.528575, 17.383083], [78.528061, 17.383212], [78.52759, 17.383497], [78.527345, 17.383564], [78.527242, 17.383592], [78.527324, 17.383797], [78.527518, 17.384287], [78.527945, 17.386127], [78.527985, 17.386295], [78.527994, 17.386357], [78.528299, 17.387542], [78.528516, 17.388411], [78.528556, 17.38857], [78.528249, 17.388626], [78.527852, 17.388699], [78.527859, 17.388791], [78.52788, 17.388946], [78.527595, 17.389012], [78.527138, 17.389094], [78.527242, 17.389479], [78.527266, 17.389674], [78.527276, 17.390131], [78.527242, 17.390612], [78.527242, 17.390807], [78.527233, 17.391587], [78.5272, 17.392767], [78.527459, 17.392777], [78.527595, 17.392782], [78.527603, 17.392901], [78.527699, 17.394309], [78.527801, 17.3943], [78.527951, 17.394286], [78.527975, 17.394509], [78.52798, 17.394933], [78.527947, 17.395418], [78.527899, 17.395693], [78.527885, 17.395775], [78.52797, 17.395809], [78.528392, 17.395957], [78.529207, 17.396259], [78.529922, 17.396584], [78.530602, 17.39686], [78.532163, 17.397507], [78.5332, 17.397942], [78.533275, 17.398164], [78.533271, 17.398499], [78.533066, 17.398975], [78.532989, 17.399166], [78.532739, 17.399163], [78.532317, 17.399087], [78.532018, 17.399059], [78.531792, 17.399177], [78.531667, 17.399713], [78.531552, 17.399595], [78.530581, 17.399527], [78.53061, 17.399184], [78.530623, 17.399034], [78.530416, 17.398944], [78.529356, 17.398481], [78.529486, 17.397017], [78.529428, 17.396704], [78.52924, 17.396559], [78.528971, 17.396513], [78.528682, 17.396543], [78.528441, 17.396609], [78.527881, 17.396881], [78.527119, 17.39716], [78.526727, 17.397291], [78.526392, 17.396514], [78.52634, 17.396393], [78.526263, 17.396316], [78.52609, 17.396393], [78.525906, 17.39647], [78.525909, 17.396514], [78.525912, 17.39656], [78.525799, 17.396625], [78.525746, 17.396529], [78.525663, 17.396379], [78.525456, 17.396002], [78.525412, 17.395923], [78.525357, 17.39594], [78.525275, 17.395965], [78.525269, 17.396012], [78.525159, 17.39604], [78.524782, 17.396137], [78.524758, 17.396464], [78.524603, 17.396554], [78.524556, 17.397083], [78.524556, 17.397143], [78.524561, 17.397803], [78.524295, 17.397808], [78.523889, 17.397856], [78.523336, 17.397844], [78.523068, 17.397886]]]}}, {"type": "Feature", "id": "ps-58", "properties": {"source": "LawyerInsta Hyderabad PS map (https://www.lawyerinsta.com/hyderabad-ps-map) - RESEARCH COPY, NOT AUTHORITATIVE", "source_id": "ps-58", "slug": "banjara-hills-police-station", "name": "Banjara Hills Police Station", "ps_name": "Banjara Hills", "commissionerate": "Hyderabad Commissionerate", "zone": "DCP Jubilee Hills Zone", "division": "ACP Banjara Hills", "ps_location": [78.4364745, 17.4221925], "has_geometry": true, "source_ring_count": 1, "geometry_interpretation": "single ring -> Polygon", "rings_closed_in_source": true, "our_ps_name": "Banjara Hills", "our_match": "exact-key"}, "geometry": {"type": "Polygon", "coordinates": [[[78.4512589, 17.4080103], [78.4510279, 17.4085183], [78.4507249, 17.4090193], [78.4505159, 17.4093663], [78.4501819, 17.4099853], [78.4499499, 17.4104913], [78.4499119, 17.4107023], [78.4498198, 17.4112163], [78.4498138, 17.4114843], [78.4498319, 17.4116453], [78.4499149, 17.4120083], [78.4499979, 17.4122753], [78.4501529, 17.4126083], [78.4503789, 17.4129533], [78.4507889, 17.4135073], [78.4508779, 17.4137273], [78.4509019, 17.4139293], [78.4508929, 17.4139843], [78.4508909, 17.4139943], [78.4508779, 17.4140723], [78.4508129, 17.4142323], [78.4506699, 17.4144363], [78.4505679, 17.4145123], [78.4498549, 17.4151373], [78.4494388, 17.4154343], [78.4491888, 17.4157953], [78.4491358, 17.4160173], [78.4491588, 17.4163563], [78.4492008, 17.4168203], [78.4492548, 17.4174963], [78.4492718, 17.4177123], [78.4492368, 17.4178253], [78.4491528, 17.4179563], [78.4489748, 17.4181353], [78.4488568, 17.4181733], [78.4486118, 17.4182543], [78.4483738, 17.4187713], [78.4481478, 17.4192063], [78.4481418, 17.4193193], [78.4481538, 17.4195153], [78.4481898, 17.4196643], [78.4482848, 17.4198543], [78.4482888, 17.4198593], [78.4485878, 17.4202583], [78.4487608, 17.4205683], [78.4489208, 17.4209603], [78.4489658, 17.4210593], [78.4491058, 17.4213713], [78.4492658, 17.4216093], [78.4492928, 17.4216383], [78.4494388, 17.4217993], [78.4497068, 17.4220913], [78.4498199, 17.4223233], [78.4498259, 17.4224363], [78.4498199, 17.4225133], [78.4498019, 17.4225843], [78.4497478, 17.4227033], [78.4496288, 17.4227863], [78.4487188, 17.4235603], [78.4485638, 17.4237863], [78.4485048, 17.4239823], [78.4484868, 17.4241193], [78.4485048, 17.4243043], [78.4485408, 17.4244223], [78.4487068, 17.4248393], [78.4488798, 17.4251723], [78.4490108, 17.4253503], [78.4491178, 17.4254693], [78.4492718, 17.4255773], [78.4495518, 17.4257853], [78.4490228, 17.4258503], [78.4485488, 17.4260073], [78.4481868, 17.4260433], [78.4479038, 17.4260813], [78.4478448, 17.4260893], [78.4475878, 17.4261393], [78.4474058, 17.4262323], [78.4470698, 17.4264433], [78.4467928, 17.4266483], [78.4465489, 17.4267673], [78.4462399, 17.4268693], [78.4458589, 17.4269703], [78.4454959, 17.4270293], [78.4452339, 17.4271013], [78.4450138, 17.4271783], [78.4447638, 17.4272373], [78.4445558, 17.4272373], [78.4442468, 17.4272203], [78.4438778, 17.4271663], [78.4434908, 17.4271303], [78.4432528, 17.4271303], [78.4429618, 17.4271603], [78.4426588, 17.4272083], [78.4423078, 17.4272553], [78.4417539, 17.4272973], [78.4412669, 17.4273093], [78.4410409, 17.4272973], [78.4406479, 17.4271963], [78.4398748, 17.4270053], [78.4398988, 17.4275013], [78.4398968, 17.4276173], [78.4398758, 17.4280743], [78.4398508, 17.4283533], [78.4381768, 17.4284993], [78.4368759, 17.4286263], [78.4362789, 17.4285613], [78.4358719, 17.4284723], [78.4353278, 17.4284523], [78.4353378, 17.4288563], [78.4350698, 17.4289173], [78.4344518, 17.4287903], [78.4337758, 17.4287173], [78.4338048, 17.4286213], [78.4335148, 17.4286133], [78.4334938, 17.4290623], [78.4326519, 17.4290853], [78.4317639, 17.4291983], [78.4317209, 17.4290733], [78.4312099, 17.4291473], [78.4312039, 17.4291433], [78.4310169, 17.4291653], [78.4309338, 17.4289013], [78.4299238, 17.4290313], [78.4300028, 17.4296423], [78.4300308, 17.4297383], [78.4299878, 17.4297403], [78.4289348, 17.4297683], [78.4275789, 17.4297623], [78.4263939, 17.4297763], [78.4263769, 17.4297773], [78.4261688, 17.4298113], [78.4256438, 17.4298973], [78.4256748, 17.4300573], [78.4256228, 17.4301303], [78.4242298, 17.4266833], [78.4241888, 17.4265843], [78.4241758, 17.4265583], [78.4231809, 17.4242233], [78.4231659, 17.4241663], [78.4207608, 17.4250803], [78.4186259, 17.4258933], [78.4182529, 17.4260103], [78.4172769, 17.4263143], [78.4169749, 17.4263823], [78.4169559, 17.4263863], [78.4167488, 17.4264293], [78.4166938, 17.4264353], [78.4164988, 17.4264573], [78.4162918, 17.4264503], [78.4161638, 17.4264433], [78.4160848, 17.4264363], [78.4159788, 17.4264193], [78.4159498, 17.4264143], [78.4158278, 17.4263933], [78.4156778, 17.4263073], [78.4155568, 17.4262073], [78.4152138, 17.4258653], [78.4147288, 17.4252513], [78.4140079, 17.4244373], [78.4135799, 17.4239523], [78.4134939, 17.4238303], [78.4134369, 17.4237163], [78.4134209, 17.4236813], [78.4134009, 17.4236383], [78.4133299, 17.4235803], [78.4131939, 17.4235093], [78.4131129, 17.4234823], [78.4120448, 17.4231313], [78.4118018, 17.4230313], [78.4117298, 17.4229743], [78.4116958, 17.4229473], [78.4116668, 17.4229243], [78.4115948, 17.4228453], [78.4115788, 17.4228143], [78.4114668, 17.4226023], [78.4112108, 17.4217473], [78.4111168, 17.4214323], [78.4110968, 17.4213583], [78.4110878, 17.4213253], [78.4111168, 17.4212393], [78.4111878, 17.4211253], [78.4115168, 17.4207753], [78.4118778, 17.4204333], [78.4121808, 17.4201473], [78.4124229, 17.4198903], [78.4125369, 17.4197903], [78.4126229, 17.4196543], [78.4126589, 17.4195693], [78.4126789, 17.4194853], [78.4126939, 17.4194193], [78.4127089, 17.4193573], [78.4127539, 17.4191913], [78.4127729, 17.4191183], [78.4127879, 17.4190373], [78.4126579, 17.4189763], [78.4126399, 17.4189683], [78.4127039, 17.4188903], [78.4128479, 17.4187153], [78.4130159, 17.4185103], [78.4134909, 17.4181793], [78.4141049, 17.4177753], [78.4145448, 17.4175943], [78.4150388, 17.4174453], [78.4159698, 17.4172153], [78.4171719, 17.4169233], [78.4175039, 17.4168683], [78.4175419, 17.4168613], [78.4178089, 17.4168193], [78.4179919, 17.4167193], [78.4181129, 17.4166303], [78.4183289, 17.4164653], [78.4185429, 17.4163053], [78.4187169, 17.4161883], [78.4189818, 17.4160863], [78.4192768, 17.4159973], [78.4195428, 17.4159503], [78.4196858, 17.4159293], [78.4198248, 17.4159113], [78.4199168, 17.4159173], [78.4200138, 17.4159403], [78.4205008, 17.4161643], [78.4206698, 17.4162313], [78.4207588, 17.4162513], [78.4209828, 17.4162633], [78.4210728, 17.4162483], [78.4211198, 17.4162293], [78.4211908, 17.4161633], [78.4212828, 17.4160213], [78.4215588, 17.4155223], [78.4217589, 17.4150873], [78.4218309, 17.4149643], [78.4218659, 17.4149213], [78.4219689, 17.4148603], [78.4223499, 17.4146863], [78.4231639, 17.4143473], [78.4235228, 17.4142293], [78.4241348, 17.4140943], [78.4245478, 17.4140523], [78.4245458, 17.4139693], [78.4242998, 17.4127933], [78.4242608, 17.4126983], [78.4241098, 17.4123833], [78.4236388, 17.4115503], [78.4235318, 17.4112433], [78.4238928, 17.4100333], [78.4241588, 17.4091873], [78.4228419, 17.4085653], [78.4220229, 17.4083453], [78.4219689, 17.4083393], [78.4219439, 17.4083413], [78.4219209, 17.4083493], [78.4218219, 17.4084963], [78.4217469, 17.4086073], [78.4217249, 17.4086323], [78.4217049, 17.4086423], [78.4216839, 17.4086493], [78.4216599, 17.4086523], [78.4216028, 17.4086563], [78.4199238, 17.4085243], [78.4199548, 17.4082533], [78.4201308, 17.4082703], [78.4206518, 17.4083203], [78.4206798, 17.4083033], [78.4208568, 17.4080373], [78.4211518, 17.4078733], [78.4214308, 17.4077693], [78.4225489, 17.4073523], [78.4225649, 17.4073433], [78.4225699, 17.4073353], [78.4235518, 17.4069673], [78.4243018, 17.4068513], [78.4243058, 17.4068503], [78.4243698, 17.4068473], [78.4249198, 17.4066883], [78.4249208, 17.4066883], [78.4254588, 17.4067563], [78.4259228, 17.4066603], [78.4261998, 17.4066423], [78.4264359, 17.4065613], [78.4264269, 17.4065283], [78.4264269, 17.4065263], [78.4264259, 17.4065233], [78.4264039, 17.4064233], [78.4264769, 17.4063703], [78.4264139, 17.4060423], [78.4262768, 17.4056213], [78.4262758, 17.4056183], [78.4263249, 17.4056043], [78.4261908, 17.4055303], [78.4264719, 17.4054253], [78.4268049, 17.4053493], [78.4272469, 17.4052063], [78.4280089, 17.4050583], [78.4285418, 17.4049593], [78.4290178, 17.4048873], [78.4295788, 17.4048683], [78.4301978, 17.4047873], [78.4305498, 17.4047353], [78.4306358, 17.4046633], [78.4306978, 17.4045683], [78.4308968, 17.4045353], [78.4316729, 17.4044403], [78.4318789, 17.4044533], [78.4318809, 17.4044523], [78.4321729, 17.4043803], [78.4323169, 17.4043653], [78.4323879, 17.4043583], [78.4324939, 17.4043093], [78.4326839, 17.4042473], [78.4329788, 17.4042043], [78.4331028, 17.4042473], [78.4334068, 17.4042753], [78.4340828, 17.4043093], [78.4343228, 17.4043153], [78.4344298, 17.4043183], [78.4348248, 17.4043513], [78.4350728, 17.4043323], [78.4354538, 17.4042663], [78.4356728, 17.4042283], [78.4359029, 17.4041553], [78.4359439, 17.4041423], [78.4361719, 17.4040753], [78.4363339, 17.4040523], [78.4365049, 17.4040183], [78.4365819, 17.4040063], [78.4366479, 17.4039943], [78.4367859, 17.4039333], [78.4368189, 17.4039093], [78.4369149, 17.4038423], [78.4370289, 17.4037763], [78.4371479, 17.4036853], [78.4372619, 17.4035713], [78.4373099, 17.4034803], [78.4375428, 17.4033143], [78.4376668, 17.4032383], [78.4377088, 17.4032953], [78.4377468, 17.4033353], [78.4378278, 17.4034233], [78.4384328, 17.4037953], [78.4385038, 17.4038233], [78.4386038, 17.4037993], [78.4387748, 17.4036953], [78.4388238, 17.4036853], [78.4389608, 17.4036573], [78.4391078, 17.4036523], [78.4392748, 17.4036093], [78.4393888, 17.4036093], [78.4394988, 17.4036283], [78.4395938, 17.4036613], [78.4397748, 17.4036953], [78.4398848, 17.4036683], [78.4400578, 17.4036683], [78.4401568, 17.4037003], [78.4401888, 17.4037103], [78.4404028, 17.4037523], [78.4405459, 17.4038113], [78.4406769, 17.4038893], [78.4407839, 17.4039543], [78.4408849, 17.4039843], [78.4409679, 17.4040083], [78.4410739, 17.4040123], [78.4411229, 17.4040133], [78.4412539, 17.4040373], [78.4413369, 17.4040553], [78.4414439, 17.4041503], [78.4416049, 17.4042343], [78.4420509, 17.4043413], [78.4423598, 17.4044183], [78.4429428, 17.4045433], [78.4430018, 17.4045603], [78.4431628, 17.4046083], [78.4433238, 17.4046683], [78.4435618, 17.4048223], [78.4438058, 17.4050013], [78.4441268, 17.4051883], [78.4441328, 17.4051913], [78.4443108, 17.4053523], [78.4443668, 17.4053543], [78.4443808, 17.4075533], [78.4446178, 17.4074843], [78.4453889, 17.4075543], [78.4463329, 17.4079823], [78.4470098, 17.4079913], [78.4478058, 17.4080773], [78.4491798, 17.4080373], [78.4505739, 17.4080553], [78.4512589, 17.4080103]]]}}, {"type": "Feature", "id": "ps-59", "properties": {"source": "LawyerInsta Hyderabad PS map (https://www.lawyerinsta.com/hyderabad-ps-map) - RESEARCH COPY, NOT AUTHORITATIVE", "source_id": "ps-59", "slug": "madhura-nagar-police-station", "name": "Madhura Nagar Police Station", "ps_name": "Madhura Nagar", "commissionerate": "Hyderabad Commissionerate", "zone": "DCP Jubilee Hills Zone", "division": "ACP Banjara Hills", "ps_location": [78.424165, 17.441501], "has_geometry": true, "source_ring_count": 1, "geometry_interpretation": "single ring -> Polygon", "rings_closed_in_source": true, "our_ps_name": "Madhura Nagar", "our_match": "exact-key"}, "geometry": {"type": "Polygon", "coordinates": [[[78.422547, 17.449288], [78.421766, 17.449277], [78.421743, 17.449277], [78.421459, 17.449253], [78.421325, 17.44915], [78.421176, 17.448998], [78.420987, 17.448862], [78.420637, 17.448812], [78.420231, 17.448802], [78.419617, 17.448832], [78.419134, 17.448893], [78.418753, 17.449075], [78.418265, 17.449229], [78.418067, 17.449097], [78.417882, 17.448785], [78.417558, 17.448669], [78.417255, 17.448587], [78.417021, 17.448433], [78.416851, 17.448289], [78.416672, 17.448085], [78.416579, 17.447937], [78.416338, 17.44483], [78.417381, 17.444215], [78.417433, 17.444105], [78.417939, 17.443028], [78.418138, 17.442881], [78.418659, 17.441956], [78.418983, 17.441205], [78.419711, 17.44043], [78.420496, 17.439848], [78.421297, 17.439533], [78.422459, 17.439032], [78.423079, 17.438811], [78.423767, 17.439489], [78.426491, 17.438358], [78.426454, 17.438185], [78.427436, 17.437758], [78.428236, 17.437482], [78.428165, 17.436907], [78.428593, 17.436634], [78.429218, 17.436451], [78.430342, 17.436155], [78.431068, 17.435925], [78.431539, 17.436051], [78.432007, 17.436368], [78.432827, 17.436522], [78.433418, 17.436505], [78.434107, 17.435928], [78.434603, 17.435521], [78.435062, 17.435145], [78.436359, 17.434036], [78.436397, 17.434047], [78.436235, 17.434187], [78.436174, 17.43429], [78.436199, 17.434272], [78.436449, 17.43416], [78.436739, 17.434078], [78.4371, 17.433904], [78.43729, 17.433856], [78.438438, 17.433658], [78.43909, 17.43353], [78.439355, 17.433415], [78.439767, 17.433167], [78.440347, 17.432855], [78.440815, 17.432603], [78.441385, 17.432424], [78.441799, 17.432395], [78.442152, 17.43241], [78.442331, 17.432464], [78.44238, 17.432479], [78.442475, 17.43249], [78.442669, 17.432483], [78.442833, 17.432533], [78.443022, 17.432521], [78.443084, 17.432708], [78.443285, 17.432912], [78.443427, 17.4331], [78.443718, 17.433299], [78.444109, 17.433505], [78.445154, 17.433872], [78.445658, 17.434027], [78.443603, 17.437255], [78.442272, 17.440407], [78.442003, 17.440882], [78.441156, 17.442373], [78.4408, 17.442712], [78.440457, 17.442384], [78.4402, 17.442384], [78.432551, 17.444716], [78.432533, 17.444498], [78.432527, 17.444426], [78.432526, 17.444424], [78.432514, 17.444431], [78.432467, 17.444459], [78.432356, 17.444498], [78.43101, 17.445074], [78.430379, 17.445081], [78.43026, 17.445096], [78.430193, 17.445102], [78.430279, 17.445958], [78.43028, 17.445996], [78.430183, 17.446281], [78.429827, 17.446309], [78.429196, 17.446358], [78.428961, 17.446367], [78.428916, 17.446631], [78.428898, 17.446666], [78.427253, 17.446701], [78.427235, 17.446701], [78.42721, 17.446778], [78.42649, 17.446739], [78.426395, 17.44674], [78.425707, 17.446749], [78.425691, 17.44675], [78.425285, 17.446737], [78.423345, 17.446876], [78.423203, 17.447615], [78.423173, 17.448017], [78.423017, 17.448623], [78.422963, 17.449274], [78.422547, 17.449288]]]}}, {"type": "Feature", "id": "ps-60", "properties": {"source": "LawyerInsta Hyderabad PS map (https://www.lawyerinsta.com/hyderabad-ps-map) - RESEARCH COPY, NOT AUTHORITATIVE", "source_id": "ps-60", "slug": "jubilee-hills-police-station", "name": "Jubilee Hills Police Station", "ps_name": "Jubilee Hills", "commissionerate": "Hyderabad Commissionerate", "zone": "DCP Jubilee Hills Zone", "division": "ACP Jubilee Hills", "ps_location": [78.409194, 17.430733], "has_geometry": true, "source_ring_count": 1, "geometry_interpretation": "single ring -> Polygon", "rings_closed_in_source": true, "our_ps_name": "Jubilee Hills", "our_match": "exact-key"}, "geometry": {"type": "Polygon", "coordinates": [[[78.418983, 17.441205], [78.418659, 17.441956], [78.418138, 17.442881], [78.417939, 17.443028], [78.417433, 17.444105], [78.417381, 17.444215], [78.416338, 17.44483], [78.415922, 17.445075], [78.415005, 17.44515], [78.414754, 17.445171], [78.413433, 17.44528], [78.412664, 17.445391], [78.407172, 17.446188], [78.406327, 17.446311], [78.406336, 17.44636], [78.405558, 17.446313], [78.405789, 17.446035], [78.406053, 17.445186], [78.406272, 17.444356], [78.406426, 17.443771], [78.406834, 17.442091], [78.406764, 17.44067], [78.405818, 17.440507], [78.404611, 17.44091], [78.402822, 17.441632], [78.402063, 17.441187], [78.401086, 17.440659], [78.401065, 17.44065], [78.400559, 17.440419], [78.399434, 17.439814], [78.398814, 17.439363], [78.398834, 17.439323], [78.399174, 17.438975], [78.399184, 17.438947], [78.399179, 17.438913], [78.39916, 17.438894], [78.398746, 17.43849], [78.398589, 17.438461], [78.398489, 17.438466], [78.398299, 17.43849], [78.397908, 17.43858], [78.397647, 17.438642], [78.39708, 17.438809], [78.396652, 17.438975], [78.396438, 17.439089], [78.396157, 17.43928], [78.395733, 17.438395], [78.394901, 17.436648], [78.39443, 17.435587], [78.395158, 17.435154], [78.395258, 17.435125], [78.395396, 17.435097], [78.395591, 17.435039], [78.395743, 17.434954], [78.395867, 17.434859], [78.396052, 17.434668], [78.396262, 17.434426], [78.396409, 17.434345], [78.396838, 17.434088], [78.397175, 17.43385], [78.39748, 17.433688], [78.398341, 17.433241], [78.39895, 17.432874], [78.398834, 17.432709], [78.398613, 17.432308], [78.398565, 17.432151], [78.39857, 17.432079], [78.398598, 17.431951], [78.398608, 17.431822], [78.398551, 17.431446], [78.398465, 17.43109], [78.39827, 17.431047], [78.397837, 17.430966], [78.397332, 17.430775], [78.396872, 17.430661], [78.396833, 17.430652], [78.396376, 17.430576], [78.396099, 17.430524], [78.396037, 17.430513], [78.396046, 17.430482], [78.39599, 17.430232], [78.395636, 17.4297], [78.395299, 17.429309], [78.395042, 17.429036], [78.394787, 17.42873], [78.394522, 17.428472], [78.394087, 17.428096], [78.39412, 17.427996], [78.394149, 17.427877], [78.39413, 17.427787], [78.39392, 17.427301], [78.393904, 17.42727], [78.393867, 17.427055], [78.395046, 17.426679], [78.396642, 17.426078], [78.397074, 17.425893], [78.397866, 17.426041], [78.397958, 17.425119], [78.398003, 17.42384], [78.398095, 17.422702], [78.398054, 17.422332], [78.398023, 17.421732], [78.398256, 17.420041], [78.398389, 17.419335], [78.398724, 17.418774], [78.398846, 17.418531], [78.398921, 17.418541], [78.399055, 17.418556], [78.399226, 17.418556], [78.399298, 17.418532], [78.399324, 17.418508], [78.399373, 17.41846], [78.399421, 17.418339], [78.399459, 17.418244], [78.399484, 17.41819], [78.399522, 17.418145], [78.399722, 17.418092], [78.399977, 17.418062], [78.400208, 17.418053], [78.400356, 17.418097], [78.400495, 17.418173], [78.400664, 17.41831], [78.40092, 17.418528], [78.400975, 17.418559], [78.401046, 17.418599], [78.401282, 17.418625], [78.401602, 17.418661], [78.402114, 17.418739], [78.40254, 17.418781], [78.402801, 17.418776], [78.404055, 17.417904], [78.404251, 17.417549], [78.404347, 17.417368], [78.404507, 17.417176], [78.404628, 17.417063], [78.405192, 17.416655], [78.406544, 17.416409], [78.406797, 17.41629], [78.406976, 17.416167], [78.407086, 17.416076], [78.407231, 17.415973], [78.407445, 17.415857], [78.407875, 17.415672], [78.408591, 17.415316], [78.408706, 17.415259], [78.409097, 17.415048], [78.4092, 17.414993], [78.409309, 17.41512], [78.409412, 17.415204], [78.409575, 17.415296], [78.409772, 17.415395], [78.41003, 17.415538], [78.410134, 17.415629], [78.410232, 17.415726], [78.410311, 17.415882], [78.410556, 17.416488], [78.41075, 17.416849], [78.41114, 17.417494], [78.411631, 17.418245], [78.411873, 17.418586], [78.412149, 17.418869], [78.412382, 17.419012], [78.4124, 17.41902], [78.41253, 17.419081], [78.412515, 17.419162], [78.412451, 17.419401], [78.412436, 17.419463], [78.412421, 17.419529], [78.412401, 17.419613], [78.412365, 17.419698], [78.412279, 17.419834], [78.412165, 17.419934], [78.411923, 17.420191], [78.41162, 17.420477], [78.411259, 17.420819], [78.41093, 17.421169], [78.410859, 17.421283], [78.41083, 17.421369], [78.410839, 17.421402], [78.410859, 17.421476], [78.411209, 17.422646], [78.411321, 17.422858], [78.411337, 17.422889], [78.411409, 17.422968], [78.411438, 17.422991], [78.411472, 17.423018], [78.411544, 17.423075], [78.411787, 17.423175], [78.412855, 17.423526], [78.412936, 17.423553], [78.413072, 17.423624], [78.413143, 17.423682], [78.413163, 17.423725], [78.413179, 17.42376], [78.413236, 17.423874], [78.413322, 17.423996], [78.41375, 17.424481], [78.414471, 17.425295], [78.414956, 17.425909], [78.415299, 17.426251], [78.41542, 17.426351], [78.41557, 17.426437], [78.415692, 17.426458], [78.415721, 17.426463], [78.415827, 17.42648], [78.415906, 17.426487], [78.416034, 17.426494], [78.416241, 17.426501], [78.416436, 17.426479], [78.416491, 17.426473], [78.416698, 17.42643], [78.416717, 17.426426], [78.417019, 17.426358], [78.418368, 17.425937], [78.420503, 17.425124], [78.422908, 17.42421], [78.422923, 17.424267], [78.423918, 17.426602], [78.423972, 17.426727], [78.425365, 17.430174], [78.425405, 17.430117], [78.425417, 17.430101], [78.425386, 17.429941], [78.425911, 17.429855], [78.426119, 17.429821], [78.426136, 17.42982], [78.427321, 17.429806], [78.428677, 17.429812], [78.42973, 17.429784], [78.429773, 17.429782], [78.429745, 17.429686], [78.429666, 17.429075], [78.429923, 17.429042], [78.430676, 17.428945], [78.430759, 17.429209], [78.430946, 17.429187], [78.430952, 17.429191], [78.431463, 17.429117], [78.431506, 17.429242], [78.432394, 17.429129], [78.433236, 17.429106], [78.433257, 17.428657], [78.433547, 17.428665], [78.433518, 17.428761], [78.434194, 17.428834], [78.434812, 17.428961], [78.43508, 17.4289], [78.43507, 17.428496], [78.435614, 17.428516], [78.436021, 17.428605], [78.436618, 17.42867], [78.436863, 17.428646], [78.437919, 17.428543], [78.439578, 17.428398], [78.439593, 17.428397], [78.439561, 17.428768], [78.439525, 17.429353], [78.439502, 17.429357], [78.43941, 17.429373], [78.439075, 17.429432], [78.439066, 17.429553], [78.43906, 17.429636], [78.43904, 17.42991], [78.439045, 17.430374], [78.439047, 17.430495], [78.439025, 17.430645], [78.438961, 17.430752], [78.438633, 17.43117], [78.438519, 17.431316], [78.437698, 17.432458], [78.43726, 17.433078], [78.436962, 17.433501], [78.436748, 17.433743], [78.436397, 17.434047], [78.436359, 17.434036], [78.435062, 17.435145], [78.434603, 17.435521], [78.434107, 17.435928], [78.433418, 17.436505], [78.432827, 17.436522], [78.432007, 17.436368], [78.431539, 17.436051], [78.431068, 17.435925], [78.430342, 17.436155], [78.429218, 17.436451], [78.428593, 17.436634], [78.428165, 17.436907], [78.428236, 17.437482], [78.427436, 17.437758], [78.426454, 17.438185], [78.426491, 17.438358], [78.423767, 17.439489], [78.423079, 17.438811], [78.422459, 17.439032], [78.421297, 17.439533], [78.420496, 17.439848], [78.419711, 17.44043], [78.418983, 17.441205]]]}}, {"type": "Feature", "id": "ps-61", "properties": {"source": "LawyerInsta Hyderabad PS map (https://www.lawyerinsta.com/hyderabad-ps-map) - RESEARCH COPY, NOT AUTHORITATIVE", "source_id": "ps-61", "slug": "filmnagar-police-station", "name": "Filmnagar Police Station", "ps_name": "Filmnagar", "commissionerate": "Hyderabad Commissionerate", "zone": "DCP Jubilee Hills Zone", "division": "ACP Jubilee Hills", "ps_location": [78.408974, 17.412202], "has_geometry": true, "source_ring_count": 1, "geometry_interpretation": "single ring -> Polygon", "rings_closed_in_source": true, "our_ps_name": "Film Nagar", "our_match": "exact-key"}, "geometry": {"type": "Polygon", "coordinates": [[[78.400493, 17.397429], [78.400602, 17.397426], [78.401548, 17.397405], [78.4027, 17.397465], [78.404114, 17.397697], [78.405614, 17.398153], [78.405923, 17.398377], [78.406112, 17.398552], [78.406464, 17.398877], [78.406544, 17.398936], [78.407179, 17.39932], [78.407679, 17.399521], [78.408117, 17.399597], [78.408504, 17.399547], [78.408829, 17.399441], [78.408841, 17.399438], [78.408854, 17.399433], [78.408968, 17.399396], [78.410343, 17.398934], [78.410363, 17.398928], [78.410701, 17.398847], [78.410889, 17.398811], [78.411023, 17.398781], [78.411636, 17.398716], [78.413541, 17.398642], [78.414175, 17.398619], [78.415327, 17.398682], [78.415621, 17.398699], [78.415519, 17.398777], [78.415591, 17.398856], [78.415851, 17.399189], [78.41602, 17.399397], [78.416522, 17.400013], [78.416912, 17.400522], [78.417184, 17.400936], [78.417345, 17.401269], [78.417351, 17.401286], [78.417455, 17.401593], [78.417507, 17.401783], [78.417541, 17.401902], [78.417555, 17.402035], [78.417555, 17.402088], [78.417526, 17.402188], [78.417488, 17.402264], [78.417366, 17.402548], [78.41736, 17.402564], [78.417319, 17.402667], [78.417274, 17.402782], [78.417245, 17.402878], [78.417306, 17.402899], [78.417233, 17.40307], [78.417223, 17.403125], [78.417418, 17.40325], [78.417445, 17.403268], [78.417668, 17.403353], [78.417756, 17.403378], [78.417931, 17.403444], [78.418005, 17.404178], [78.418024, 17.40437], [78.417259, 17.404516], [78.417366, 17.40485], [78.417375, 17.404879], [78.417381, 17.404905], [78.417378, 17.404906], [78.417378, 17.404907], [78.416641, 17.405117], [78.416598, 17.405135], [78.416315, 17.405211], [78.416354, 17.405301], [78.416145, 17.405436], [78.416453, 17.406267], [78.416588, 17.406769], [78.416624, 17.407386], [78.417199, 17.407393], [78.417225, 17.407688], [78.41729, 17.407817], [78.417459, 17.407985], [78.417623, 17.408065], [78.417857, 17.408112], [78.41798, 17.408087], [78.417958, 17.407987], [78.418288, 17.407933], [78.418691, 17.407867], [78.418706, 17.407907], [78.418737, 17.407915], [78.418799, 17.407922], [78.418799, 17.407923], [78.418976, 17.407955], [78.418973, 17.408089], [78.419172, 17.408079], [78.419225, 17.40826], [78.419262, 17.408266], [78.419282, 17.408617], [78.419311, 17.40866], [78.419435, 17.408851], [78.41944, 17.408858], [78.419534, 17.409], [78.419607, 17.409095], [78.419666, 17.408568], [78.419954, 17.40859], [78.421345, 17.4087], [78.421402, 17.408696], [78.421426, 17.408693], [78.421447, 17.408686], [78.421467, 17.408676], [78.421489, 17.408651], [78.421564, 17.40854], [78.421663, 17.408393], [78.421686, 17.408385], [78.421711, 17.408383], [78.421765, 17.408389], [78.422584, 17.408609], [78.423901, 17.409231], [78.423635, 17.410077], [78.423274, 17.411287], [78.423381, 17.411594], [78.423852, 17.412427], [78.424003, 17.412742], [78.424042, 17.412837], [78.424288, 17.414013], [78.42429, 17.414096], [78.423877, 17.414138], [78.423265, 17.414273], [78.422906, 17.414391], [78.422092, 17.41473], [78.421711, 17.414904], [78.421608, 17.414965], [78.421573, 17.415008], [78.421501, 17.415131], [78.421301, 17.415566], [78.421025, 17.416065], [78.420933, 17.416207], [78.420862, 17.416273], [78.420815, 17.416292], [78.420725, 17.416307], [78.420501, 17.416295], [78.420412, 17.416275], [78.420243, 17.416208], [78.419756, 17.415984], [78.419659, 17.415961], [78.419567, 17.415955], [78.419428, 17.415973], [78.419285, 17.415994], [78.419019, 17.416041], [78.418724, 17.41613], [78.418459, 17.416232], [78.418285, 17.416349], [78.418071, 17.416509], [78.417855, 17.416674], [78.417734, 17.416763], [78.417551, 17.416863], [78.417284, 17.416905], [78.416914, 17.416967], [78.415712, 17.417259], [78.414781, 17.417489], [78.414287, 17.417638], [78.413847, 17.417819], [78.413233, 17.418223], [78.412758, 17.418554], [78.412446, 17.418934], [78.412382, 17.419012], [78.412149, 17.418869], [78.411873, 17.418586], [78.411631, 17.418245], [78.41114, 17.417494], [78.41075, 17.416849], [78.410556, 17.416488], [78.410311, 17.415882], [78.410232, 17.415726], [78.410134, 17.415629], [78.41003, 17.415538], [78.409772, 17.415395], [78.409575, 17.415296], [78.409412, 17.415204], [78.409309, 17.41512], [78.4092, 17.414993], [78.408706, 17.415259], [78.407875, 17.415672], [78.407445, 17.415857], [78.407231, 17.415973], [78.407086, 17.416076], [78.406976, 17.416167], [78.406797, 17.41629], [78.406544, 17.416409], [78.405192, 17.416655], [78.404628, 17.417063], [78.404507, 17.417176], [78.404347, 17.417368], [78.404251, 17.417549], [78.404055, 17.417904], [78.402801, 17.418776], [78.40254, 17.418781], [78.402114, 17.418739], [78.401602, 17.418661], [78.401282, 17.418625], [78.401046, 17.418599], [78.400975, 17.418559], [78.40092, 17.418528], [78.400664, 17.41831], [78.400495, 17.418173], [78.400356, 17.418097], [78.400208, 17.418053], [78.399977, 17.418062], [78.399722, 17.418092], [78.399522, 17.418145], [78.399484, 17.41819], [78.399459, 17.418244], [78.399421, 17.418339], [78.399373, 17.41846], [78.399324, 17.418508], [78.399298, 17.418532], [78.399226, 17.418556], [78.399055, 17.418556], [78.398921, 17.418541], [78.398846, 17.418531], [78.398893, 17.418439], [78.399233, 17.416983], [78.399495, 17.415697], [78.399518, 17.414656], [78.399551, 17.413806], [78.398941, 17.413911], [78.398349, 17.41298], [78.39704, 17.413527], [78.396422, 17.412138], [78.396237, 17.411788], [78.396132, 17.411592], [78.395578, 17.412055], [78.395235, 17.412377], [78.394993, 17.412678], [78.394885, 17.412591], [78.394824, 17.410827], [78.394717, 17.409055], [78.392793, 17.409319], [78.391432, 17.409408], [78.390553, 17.409792], [78.3901, 17.408704], [78.38984, 17.407129], [78.387027, 17.407465], [78.386671, 17.407506], [78.387082, 17.407177], [78.389429, 17.404879], [78.390317, 17.404673], [78.390802, 17.403212], [78.389205, 17.403405], [78.388727, 17.400792], [78.390514, 17.400629], [78.390182, 17.398464], [78.390011, 17.398465], [78.389762, 17.397037], [78.3898, 17.394541], [78.388475, 17.394445], [78.388283, 17.393883], [78.388048, 17.39316], [78.388208, 17.393076], [78.389849, 17.39266], [78.390542, 17.392475], [78.391327, 17.392292], [78.391985, 17.392346], [78.392382, 17.392475], [78.392804, 17.392792], [78.392591, 17.39507], [78.393277, 17.395151], [78.393316, 17.395509], [78.39413, 17.396079], [78.394197, 17.396611], [78.394286, 17.397716], [78.395341, 17.398074], [78.395864, 17.398037], [78.39625, 17.398157], [78.396908, 17.398137], [78.397968, 17.398137], [78.398038, 17.398439], [78.399429, 17.398342], [78.399626, 17.398087], [78.39984, 17.397745], [78.400493, 17.397429]]]}}, {"type": "Feature", "id": "ps-62", "properties": {"source": "LawyerInsta Hyderabad PS map (https://www.lawyerinsta.com/hyderabad-ps-map) - RESEARCH COPY, NOT AUTHORITATIVE", "source_id": "ps-62", "slug": "sr-nagar-police-station", "name": "SR Nagar Police Station", "ps_name": "SR Nagar", "commissionerate": "Hyderabad Commissionerate", "zone": "DCP Jubilee Hills Zone", "division": "ACP S.R. Nagar", "ps_location": [78.442596, 17.440574], "has_geometry": true, "source_ring_count": 1, "geometry_interpretation": "single ring -> Polygon", "rings_closed_in_source": true, "our_ps_name": "SR Nagar", "our_match": "exact-key"}, "geometry": {"type": "Polygon", "coordinates": [[[78.439277, 17.454062], [78.438825, 17.454139], [78.437974, 17.454235], [78.436862, 17.454389], [78.43682, 17.453967], [78.435244, 17.454092], [78.434978, 17.454055], [78.439328, 17.445581], [78.439982, 17.444307], [78.4408, 17.442712], [78.441156, 17.442373], [78.442003, 17.440882], [78.442272, 17.440407], [78.443603, 17.437255], [78.445658, 17.434027], [78.445707, 17.43404], [78.446593, 17.43426], [78.446664, 17.434283], [78.447815, 17.434399], [78.447902, 17.434397], [78.44825, 17.434443], [78.44862, 17.434481], [78.448645, 17.434486], [78.448925, 17.434516], [78.449657, 17.434665], [78.449916, 17.434742], [78.450243, 17.434822], [78.450243, 17.434831], [78.450555, 17.434903], [78.450589, 17.434907], [78.450995, 17.434956], [78.451346, 17.434998], [78.451584, 17.435105], [78.451876, 17.43542], [78.452352, 17.435884], [78.452512, 17.435991], [78.452619, 17.436027], [78.452763, 17.436015], [78.453884, 17.435748], [78.455183, 17.435283], [78.455294, 17.435266], [78.455516, 17.43523], [78.455588, 17.435414], [78.455671, 17.435593], [78.455838, 17.435843], [78.456086, 17.43631], [78.456386, 17.436903], [78.456846, 17.437791], [78.457043, 17.438263], [78.457229, 17.438779], [78.457243, 17.438816], [78.457113, 17.438844], [78.456927, 17.438919], [78.456795, 17.438972], [78.456709, 17.439006], [78.456561, 17.439097], [78.456396, 17.439198], [78.456338, 17.439234], [78.455957, 17.439491], [78.455362, 17.439934], [78.455238, 17.440043], [78.45491, 17.440372], [78.454798, 17.440511], [78.454601, 17.440757], [78.454398, 17.441041], [78.454052, 17.441645], [78.45398, 17.44181], [78.453891, 17.442014], [78.453416, 17.443089], [78.453016, 17.44406], [78.452634, 17.444924], [78.452345, 17.445638], [78.452034, 17.446326], [78.451877, 17.446812], [78.451795, 17.447083], [78.451755, 17.447261], [78.451674, 17.447608], [78.451251, 17.447768], [78.451067, 17.447875], [78.450603, 17.448066], [78.449972, 17.448268], [78.449622, 17.448369], [78.449092, 17.44853], [78.447831, 17.448964], [78.447421, 17.449083], [78.446855, 17.449303], [78.446498, 17.449416], [78.445761, 17.449654], [78.444964, 17.449938], [78.444827, 17.449987], [78.44422, 17.450201], [78.443845, 17.45032], [78.443548, 17.450368], [78.443532, 17.450558], [78.4435, 17.451058], [78.4435, 17.451391], [78.443482, 17.451605], [78.443292, 17.452242], [78.443262, 17.452408], [78.443387, 17.453223], [78.442001, 17.453473], [78.440817, 17.453675], [78.440475, 17.453752], [78.43986, 17.45389], [78.439277, 17.454062]]]}}, {"type": "Feature", "id": "ps-63", "properties": {"source": "LawyerInsta Hyderabad PS map (https://www.lawyerinsta.com/hyderabad-ps-map) - RESEARCH COPY, NOT AUTHORITATIVE", "source_id": "ps-63", "slug": "borabanda-police-station", "name": "Borabanda Police Station", "ps_name": "Borabanda", "commissionerate": "Hyderabad Commissionerate", "zone": "DCP Jubilee Hills Zone", "division": "ACP S.R. Nagar", "ps_location": [78.413993, 17.453303], "has_geometry": true, "source_ring_count": 1, "geometry_interpretation": "single ring -> Polygon", "rings_closed_in_source": true, "our_ps_name": "Borabanda", "our_match": "exact-key"}, "geometry": {"type": "Polygon", "coordinates": [[[78.432356, 17.444498], [78.432467, 17.444459], [78.432514, 17.444431], [78.432526, 17.444424], [78.432527, 17.444426], [78.432533, 17.444498], [78.432551, 17.444716], [78.4402, 17.442384], [78.440457, 17.442384], [78.4408, 17.442712], [78.434706, 17.454585], [78.434599, 17.454764], [78.433499, 17.454255], [78.433485, 17.454248], [78.432885, 17.453961], [78.432843, 17.453941], [78.432314, 17.453684], [78.431886, 17.453555], [78.431551, 17.45349], [78.431496, 17.453479], [78.431461, 17.453473], [78.431325, 17.453451], [78.431323, 17.453365], [78.431319, 17.453111], [78.431315, 17.452908], [78.431282, 17.452199], [78.431206, 17.452194], [78.43093, 17.452175], [78.430735, 17.452175], [78.430648, 17.452175], [78.430539, 17.452175], [78.43034, 17.452199], [78.430192, 17.452242], [78.430002, 17.45227], [78.42984, 17.452261], [78.429669, 17.452294], [78.429531, 17.452313], [78.429402, 17.452356], [78.429307, 17.452413], [78.429087, 17.452547], [78.42905, 17.45257], [78.428874, 17.452694], [78.428791, 17.452729], [78.42865, 17.452789], [78.428716, 17.453011], [78.428836, 17.453419], [78.428918, 17.453694], [78.429001, 17.454051], [78.428362, 17.454165], [78.428061, 17.454218], [78.427448, 17.454325], [78.427218, 17.454367], [78.426735, 17.454456], [78.426419, 17.454498], [78.425706, 17.454486], [78.424938, 17.454509], [78.424439, 17.454515], [78.424403, 17.454515], [78.424093, 17.45448], [78.423397, 17.454396], [78.423236, 17.45437], [78.422547, 17.45426], [78.422196, 17.454194], [78.421363, 17.454034], [78.420982, 17.453974], [78.420393, 17.453944], [78.419781, 17.453926], [78.41925, 17.453926], [78.419126, 17.453926], [78.418698, 17.45395], [78.417966, 17.453992], [78.417306, 17.454034], [78.416806, 17.454057], [78.416223, 17.454141], [78.41595, 17.454182], [78.415845, 17.454224], [78.415339, 17.454428], [78.415172, 17.454476], [78.414496, 17.454758], [78.413797, 17.455084], [78.412942, 17.455298], [78.412393, 17.455384], [78.412104, 17.454755], [78.410359, 17.455384], [78.410034, 17.454544], [78.409592, 17.454682], [78.409447, 17.454005], [78.409216, 17.45373], [78.408021, 17.452763], [78.407341, 17.452206], [78.406643, 17.451635], [78.406039, 17.451141], [78.406036, 17.449775], [78.406034, 17.449292], [78.406034, 17.449181], [78.406034, 17.4491], [78.405438, 17.449138], [78.405429, 17.449139], [78.405352, 17.448149], [78.405614, 17.448111], [78.405734, 17.448093], [78.405749, 17.447993], [78.405764, 17.447895], [78.405772, 17.447844], [78.406465, 17.447774], [78.406435, 17.447451], [78.406336, 17.44636], [78.406327, 17.446311], [78.407172, 17.446188], [78.412664, 17.445391], [78.413433, 17.44528], [78.415005, 17.44515], [78.415922, 17.445075], [78.416338, 17.44483], [78.416579, 17.447937], [78.416672, 17.448085], [78.416851, 17.448289], [78.417021, 17.448433], [78.417255, 17.448587], [78.417558, 17.448669], [78.417882, 17.448785], [78.418067, 17.449097], [78.418265, 17.449229], [78.418753, 17.449075], [78.419134, 17.448893], [78.419617, 17.448832], [78.420231, 17.448802], [78.420637, 17.448812], [78.420987, 17.448862], [78.421176, 17.448998], [78.421325, 17.44915], [78.421459, 17.449253], [78.421743, 17.449277], [78.421766, 17.449277], [78.422547, 17.449288], [78.422963, 17.449274], [78.423017, 17.448623], [78.423173, 17.448017], [78.423203, 17.447615], [78.423345, 17.446876], [78.425285, 17.446737], [78.425691, 17.44675], [78.425707, 17.446749], [78.426395, 17.44674], [78.42649, 17.446739], [78.42721, 17.446778], [78.427235, 17.446701], [78.427253, 17.446701], [78.428898, 17.446666], [78.428916, 17.446631], [78.428961, 17.446367], [78.429196, 17.446358], [78.429827, 17.446309], [78.430183, 17.446281], [78.43028, 17.445996], [78.430279, 17.445958], [78.430193, 17.445102], [78.43026, 17.445096], [78.430379, 17.445081], [78.43101, 17.445074], [78.432356, 17.444498]]]}}, {"type": "Feature", "id": "ps-64", "properties": {"source": "LawyerInsta Hyderabad PS map (https://www.lawyerinsta.com/hyderabad-ps-map) - RESEARCH COPY, NOT AUTHORITATIVE", "source_id": "ps-64", "slug": "sanath-nagar-police-station", "name": "Sanath Nagar Police Station", "ps_name": "Sanath Nagar", "commissionerate": "Hyderabad Commissionerate", "zone": "DCP Jubilee Hills Zone", "division": "ACP S.R. Nagar", "ps_location": null, "has_geometry": false, "source_ring_count": 0, "our_ps_name": "Sanathnagar", "our_match": "exact-key"}, "geometry": null}, {"type": "Feature", "id": "ps-65", "properties": {"source": "LawyerInsta Hyderabad PS map (https://www.lawyerinsta.com/hyderabad-ps-map) - RESEARCH COPY, NOT AUTHORITATIVE", "source_id": "ps-65", "slug": "abids-road-police-station", "name": "Abids Road Police Station", "ps_name": "Abids Road", "commissionerate": "Hyderabad Commissionerate", "zone": "DCP Khairatabad Zone", "division": "ACP Abids", "ps_location": [78.476153, 17.388957], "has_geometry": true, "source_ring_count": 1, "geometry_interpretation": "single ring -> Polygon", "rings_closed_in_source": true, "our_ps_name": "Abids", "our_match": "alias"}, "geometry": {"type": "Polygon", "coordinates": [[[78.475592, 17.401074], [78.475576, 17.401035], [78.475575, 17.401036], [78.475358, 17.400553], [78.475031, 17.399804], [78.474739, 17.399084], [78.474638, 17.398691], [78.474513, 17.398531], [78.474352, 17.398412], [78.474132, 17.398311], [78.474013, 17.398263], [78.473984, 17.398262], [78.473943, 17.398241], [78.47377, 17.398259], [78.473609, 17.398269], [78.473226, 17.398316], [78.473033, 17.398336], [78.472873, 17.398359], [78.472764, 17.398375], [78.472393, 17.398428], [78.471805, 17.398621], [78.47142, 17.398835], [78.470906, 17.399257], [78.470826, 17.398913], [78.470802, 17.398842], [78.470819, 17.398527], [78.470841, 17.398129], [78.470849, 17.397967], [78.471005, 17.396939], [78.47104, 17.396712], [78.471075, 17.396302], [78.471065, 17.396115], [78.471064, 17.396093], [78.47101, 17.395933], [78.470867, 17.395558], [78.470522, 17.394981], [78.470439, 17.394743], [78.470385, 17.39452], [78.470382, 17.394505], [78.470362, 17.394422], [78.470255, 17.393434], [78.470153, 17.392054], [78.470131, 17.391801], [78.47013, 17.391788], [78.470041, 17.391055], [78.470258, 17.391037], [78.471379, 17.390355], [78.472412, 17.389637], [78.4737, 17.388808], [78.473874, 17.388652], [78.473544, 17.387666], [78.472956, 17.386999], [78.472552, 17.386858], [78.472715, 17.386632], [78.472884, 17.386397], [78.473913, 17.384975], [78.474496, 17.384273], [78.474894, 17.383917], [78.475118, 17.383783], [78.475141, 17.383808], [78.47564, 17.384456], [78.475931, 17.384836], [78.476065, 17.385121], [78.47715, 17.38514], [78.477978, 17.385169], [78.478178, 17.385197], [78.47852, 17.38534], [78.479025, 17.385616], [78.479358, 17.385807], [78.47912, 17.38593], [78.479105, 17.385942], [78.478187, 17.386701], [78.477235, 17.387634], [78.477337, 17.387714], [78.477588, 17.38791], [78.477883, 17.388062], [78.478254, 17.388186], [78.478939, 17.388234], [78.479301, 17.388348], [78.479519, 17.388475], [78.479596, 17.388519], [78.479881, 17.388719], [78.480081, 17.388729], [78.480299, 17.388716], [78.480567, 17.3887], [78.480443, 17.389585], [78.480423, 17.389843], [78.480676, 17.389902], [78.481061, 17.390031], [78.481088, 17.39004], [78.481568, 17.390201], [78.482318, 17.390387], [78.482691, 17.390466], [78.482789, 17.390487], [78.48321, 17.390523], [78.483539, 17.390501], [78.483974, 17.39043], [78.484524, 17.390373], [78.484966, 17.390301], [78.485087, 17.390329], [78.485216, 17.390358], [78.485359, 17.390444], [78.485594, 17.390637], [78.485737, 17.390965], [78.485994, 17.391551], [78.486271, 17.392117], [78.48628, 17.392136], [78.486658, 17.392885], [78.486815, 17.393085], [78.486822, 17.393299], [78.486801, 17.393721], [78.486663, 17.394239], [78.486412, 17.394379], [78.485811, 17.394635], [78.485582, 17.39499], [78.485148, 17.395797], [78.484337, 17.396862], [78.483531, 17.397521], [78.482075, 17.398459], [78.480247, 17.399248], [78.478118, 17.400225], [78.476641, 17.400852], [78.475592, 17.401074]]]}}, {"type": "Feature", "id": "ps-66", "properties": {"source": "LawyerInsta Hyderabad PS map (https://www.lawyerinsta.com/hyderabad-ps-map) - RESEARCH COPY, NOT AUTHORITATIVE", "source_id": "ps-66", "slug": "nampally-police-station", "name": "Nampally Police Station", "ps_name": "Nampally", "commissionerate": "Hyderabad Commissionerate", "zone": "DCP Khairatabad Zone", "division": "ACP Abids", "ps_location": [78.460484, 17.400083], "has_geometry": true, "source_ring_count": 1, "geometry_interpretation": "single ring -> Polygon", "rings_closed_in_source": true, "our_ps_name": "Nampally", "our_match": "exact-key"}, "geometry": {"type": "Polygon", "coordinates": [[[78.457701, 17.40295], [78.457318, 17.403131], [78.457047, 17.403271], [78.456912, 17.403341], [78.456461, 17.403565], [78.455685, 17.404057], [78.454911, 17.404398], [78.454604, 17.404459], [78.454194, 17.404396], [78.453771, 17.404168], [78.45318, 17.403716], [78.453005, 17.403584], [78.453132, 17.403451], [78.4534, 17.403172], [78.45351, 17.402252], [78.453609, 17.4016], [78.453655, 17.401293], [78.453699, 17.401008], [78.453914, 17.399584], [78.453936, 17.39944], [78.454018, 17.398901], [78.454417, 17.397603], [78.454438, 17.397374], [78.454591, 17.396698], [78.454686, 17.39634], [78.454773, 17.396165], [78.455013, 17.395752], [78.455211, 17.395458], [78.455357, 17.395302], [78.455481, 17.395323], [78.455984, 17.39532], [78.456602, 17.395275], [78.457166, 17.395153], [78.457448, 17.395144], [78.457512, 17.39514], [78.457752, 17.395126], [78.458049, 17.395108], [78.458317, 17.39512], [78.458668, 17.395067], [78.458888, 17.395007], [78.459054, 17.394942], [78.459229, 17.394839], [78.459257, 17.394823], [78.459421, 17.394796], [78.459785, 17.394726], [78.459841, 17.394708], [78.459975, 17.394664], [78.460194, 17.394574], [78.460499, 17.394503], [78.460737, 17.394507], [78.461027, 17.394436], [78.461298, 17.394398], [78.461779, 17.394341], [78.462117, 17.394284], [78.462436, 17.394241], [78.462607, 17.394184], [78.462921, 17.394074], [78.463216, 17.393913], [78.463573, 17.393717], [78.463901, 17.39347], [78.464389, 17.392982], [78.4648, 17.392447], [78.465043, 17.392078], [78.465134, 17.39197], [78.46546, 17.391584], [78.465745, 17.391293], [78.465924, 17.39118], [78.466144, 17.391061], [78.466287, 17.391007], [78.466543, 17.390948], [78.466911, 17.390894], [78.467191, 17.390841], [78.467602, 17.390787], [78.467718, 17.390748], [78.469366, 17.390196], [78.469693, 17.390086], [78.46988, 17.390115], [78.469963, 17.390169], [78.470028, 17.390372], [78.470022, 17.390658], [78.470022, 17.390669], [78.470022, 17.39079], [78.470041, 17.391055], [78.47013, 17.391788], [78.470131, 17.391801], [78.470153, 17.392054], [78.470255, 17.393434], [78.470362, 17.394422], [78.470382, 17.394505], [78.470382, 17.394515], [78.470385, 17.39452], [78.470439, 17.394743], [78.470522, 17.394981], [78.470867, 17.395558], [78.47101, 17.395933], [78.471064, 17.396093], [78.471065, 17.396115], [78.471056, 17.396154], [78.470593, 17.396202], [78.470468, 17.396215], [78.469002, 17.396348], [78.468174, 17.396354], [78.467762, 17.396357], [78.467695, 17.397171], [78.467571, 17.397894], [78.467286, 17.398646], [78.4668, 17.399608], [78.464849, 17.401978], [78.464163, 17.402765], [78.463698, 17.403298], [78.463564, 17.403453], [78.463454, 17.403578], [78.463089, 17.403315], [78.462833, 17.403116], [78.462303, 17.402908], [78.461981, 17.402794], [78.461673, 17.402723], [78.461508, 17.402817], [78.461108, 17.402888], [78.460678, 17.403026], [78.460394, 17.403085], [78.460101, 17.40313], [78.459976, 17.403115], [78.459648, 17.403089], [78.458888, 17.402979], [78.458404, 17.402908], [78.457971, 17.402903], [78.457701, 17.40295]]]}}, {"type": "Feature", "id": "ps-67", "properties": {"source": "LawyerInsta Hyderabad PS map (https://www.lawyerinsta.com/hyderabad-ps-map) - RESEARCH COPY, NOT AUTHORITATIVE", "source_id": "ps-67", "slug": "panjagutta-police-station", "name": "Panjagutta Police Station", "ps_name": "Panjagutta", "commissionerate": "Hyderabad Commissionerate", "zone": "DCP Khairatabad Zone", "division": "ACP Panjagutta", "ps_location": [78.452407, 17.426169], "has_geometry": true, "source_ring_count": 1, "geometry_interpretation": "single ring -> Polygon", "rings_closed_in_source": true, "our_ps_name": "Panjagutta", "our_match": "exact-key"}, "geometry": {"type": "Polygon", "coordinates": [[[78.464067, 17.435602], [78.463787, 17.436111], [78.463482, 17.436492], [78.463258, 17.436715], [78.462897, 17.437034], [78.462407, 17.437339], [78.461959, 17.437577], [78.461317, 17.437872], [78.460727, 17.43811], [78.460175, 17.438238], [78.459775, 17.438319], [78.459128, 17.438433], [78.458638, 17.438495], [78.458162, 17.438562], [78.457614, 17.43867], [78.45761, 17.438671], [78.457603, 17.438673], [78.457381, 17.438747], [78.457243, 17.438816], [78.457229, 17.438779], [78.457043, 17.438263], [78.456846, 17.437791], [78.456386, 17.436903], [78.456086, 17.43631], [78.455838, 17.435843], [78.455671, 17.435593], [78.455588, 17.435414], [78.455516, 17.43523], [78.455294, 17.435266], [78.455183, 17.435283], [78.453884, 17.435748], [78.452763, 17.436015], [78.452619, 17.436027], [78.452512, 17.435991], [78.452352, 17.435884], [78.451876, 17.43542], [78.451584, 17.435105], [78.451346, 17.434998], [78.450995, 17.434956], [78.450589, 17.434907], [78.450243, 17.434822], [78.449916, 17.434742], [78.449657, 17.434665], [78.448925, 17.434516], [78.448645, 17.434486], [78.44862, 17.434481], [78.44825, 17.434443], [78.447902, 17.434397], [78.447815, 17.434399], [78.446664, 17.434283], [78.446593, 17.43426], [78.445707, 17.43404], [78.445658, 17.434027], [78.445154, 17.433872], [78.444109, 17.433505], [78.443718, 17.433299], [78.443427, 17.4331], [78.443285, 17.432912], [78.443084, 17.432708], [78.443022, 17.432521], [78.442833, 17.432533], [78.442669, 17.432483], [78.442475, 17.43249], [78.44238, 17.432479], [78.442331, 17.432464], [78.442152, 17.43241], [78.441799, 17.432395], [78.441385, 17.432424], [78.440815, 17.432603], [78.440347, 17.432855], [78.439767, 17.433167], [78.439355, 17.433415], [78.43909, 17.43353], [78.438438, 17.433658], [78.43729, 17.433856], [78.4371, 17.433904], [78.436739, 17.434078], [78.436449, 17.43416], [78.436199, 17.434272], [78.436174, 17.43429], [78.436235, 17.434187], [78.436748, 17.433743], [78.436962, 17.433501], [78.43726, 17.433078], [78.437698, 17.432458], [78.438519, 17.431316], [78.438633, 17.43117], [78.438961, 17.430752], [78.439025, 17.430645], [78.439047, 17.430495], [78.439045, 17.430374], [78.43904, 17.42991], [78.439075, 17.429432], [78.43941, 17.429373], [78.439525, 17.429353], [78.439561, 17.428768], [78.439618, 17.428118], [78.439639, 17.427661], [78.439641, 17.427545], [78.439617, 17.427049], [78.44039, 17.42724], [78.440783, 17.427341], [78.441009, 17.427353], [78.441496, 17.427341], [78.44205, 17.427299], [78.442401, 17.427252], [78.442704, 17.427204], [78.442995, 17.427174], [78.443233, 17.427174], [78.44362, 17.42721], [78.443989, 17.427264], [78.444298, 17.427281], [78.444506, 17.427281], [78.444756, 17.427222], [78.444976, 17.427145], [78.445238, 17.427073], [78.445601, 17.427014], [78.445982, 17.426913], [78.446291, 17.426811], [78.446535, 17.426692], [78.446812, 17.426487], [78.447148, 17.426276], [78.44733, 17.426183], [78.447587, 17.426133], [78.447646, 17.426125], [78.447929, 17.426087], [78.448291, 17.426051], [78.448765, 17.425894], [78.449294, 17.425829], [78.449014, 17.425621], [78.44886, 17.425513], [78.448753, 17.425394], [78.448622, 17.425216], [78.448449, 17.424883], [78.448283, 17.424466], [78.448247, 17.424348], [78.448229, 17.424163], [78.448247, 17.424026], [78.448306, 17.42383], [78.448461, 17.423604], [78.449371, 17.42283], [78.44949, 17.422747], [78.449544, 17.422628], [78.449562, 17.422557], [78.449568, 17.42248], [78.449562, 17.422367], [78.449449, 17.422135], [78.449181, 17.421843], [78.449035, 17.421682], [78.449008, 17.421653], [78.448848, 17.421415], [78.448708, 17.421103], [78.448663, 17.421004], [78.448503, 17.420612], [78.44833, 17.420302], [78.448031, 17.419903], [78.448027, 17.419898], [78.447932, 17.419708], [78.447896, 17.419559], [78.447884, 17.419363], [78.44789, 17.41925], [78.448116, 17.418815], [78.448354, 17.418298], [78.448599, 17.418217], [78.448717, 17.418179], [78.448895, 17.418], [78.448979, 17.417869], [78.449014, 17.417756], [78.448997, 17.41754], [78.448957, 17.417035], [78.449763, 17.417014], [78.4512, 17.417068], [78.451728, 17.417123], [78.452947, 17.417186], [78.454178, 17.417304], [78.455122, 17.417381], [78.455987, 17.417393], [78.456828, 17.417332], [78.457269, 17.417278], [78.457209, 17.417723], [78.457172, 17.418008], [78.458096, 17.418073], [78.458416, 17.418156], [78.458811, 17.418247], [78.458993, 17.417991], [78.459862, 17.417837], [78.460887, 17.417678], [78.461441, 17.417569], [78.461788, 17.41861], [78.4622, 17.419876], [78.462751, 17.421824], [78.462758, 17.422061], [78.462763, 17.422242], [78.462992, 17.422909], [78.462986, 17.423163], [78.462976, 17.423231], [78.462914, 17.42364], [78.462794, 17.424079], [78.46277, 17.424147], [78.46276, 17.424144], [78.462618, 17.424574], [78.462586, 17.424671], [78.462215, 17.425692], [78.461929, 17.426541], [78.46187, 17.426769], [78.461814, 17.426938], [78.461766, 17.427148], [78.461756, 17.427203], [78.461737, 17.427276], [78.461734, 17.427314], [78.461718, 17.427399], [78.461691, 17.427828], [78.461694, 17.428034], [78.461696, 17.428178], [78.461712, 17.428364], [78.461752, 17.428705], [78.461855, 17.429063], [78.461859, 17.429085], [78.461864, 17.429096], [78.461905, 17.429238], [78.46205, 17.429594], [78.462799, 17.430914], [78.463827, 17.432538], [78.464248, 17.43317], [78.464278, 17.433452], [78.464334, 17.433679], [78.464401, 17.43425], [78.464386, 17.434536], [78.464339, 17.434812], [78.464253, 17.435173], [78.464067, 17.435602]]]}}, {"type": "Feature", "id": "ps-68", "properties": {"source": "LawyerInsta Hyderabad PS map (https://www.lawyerinsta.com/hyderabad-ps-map) - RESEARCH COPY, NOT AUTHORITATIVE", "source_id": "ps-68", "slug": "khairathabad-police-station", "name": "Khairathabad Police Station", "ps_name": "Khairathabad", "commissionerate": "Hyderabad Commissionerate", "zone": "DCP Khairatabad Zone", "division": "ACP Panjagutta", "ps_location": [78.464767, 17.411099], "has_geometry": true, "source_ring_count": 1, "geometry_interpretation": "single ring -> Polygon", "rings_closed_in_source": true, "our_ps_name": "Khairatabad", "our_match": "alias"}, "geometry": {"type": "Polygon", "coordinates": [[[78.461441, 17.417569], [78.460887, 17.417678], [78.459862, 17.417837], [78.458993, 17.417991], [78.458811, 17.418247], [78.458416, 17.418156], [78.458096, 17.418073], [78.457172, 17.418008], [78.457209, 17.417723], [78.457269, 17.417278], [78.456828, 17.417332], [78.455987, 17.417393], [78.455122, 17.417381], [78.454178, 17.417304], [78.452947, 17.417186], [78.451728, 17.417123], [78.4512, 17.417068], [78.449763, 17.417014], [78.448957, 17.417035], [78.448943, 17.416864], [78.448901, 17.4164], [78.448878, 17.416061], [78.448931, 17.415839], [78.449181, 17.415478], [78.449597, 17.415181], [78.45031, 17.414556], [78.450412, 17.41448], [78.450555, 17.414276], [78.45062, 17.414116], [78.450633, 17.414038], [78.450635, 17.414028], [78.450644, 17.413973], [78.45062, 17.413771], [78.450531, 17.413551], [78.450121, 17.412997], [78.449895, 17.412652], [78.44974, 17.412319], [78.449657, 17.412052], [78.449574, 17.411689], [78.449556, 17.411528], [78.449562, 17.41126], [78.449654, 17.410746], [78.449692, 17.410535], [78.449924, 17.410029], [78.450258, 17.40941], [78.450467, 17.409063], [78.45077, 17.408562], [78.451001, 17.408054], [78.451038, 17.407962], [78.451079, 17.407858], [78.451245, 17.407418], [78.451328, 17.407192], [78.451354, 17.407199], [78.451485, 17.407238], [78.451818, 17.407599], [78.451993, 17.407789], [78.452119, 17.407905], [78.452425, 17.408184], [78.45273, 17.408372], [78.453651, 17.408525], [78.453775, 17.408545], [78.454182, 17.408613], [78.45448, 17.408662], [78.45591, 17.408943], [78.455911, 17.408943], [78.456841, 17.409049], [78.457329, 17.409097], [78.457917, 17.409154], [78.459114, 17.409276], [78.459668, 17.409316], [78.460442, 17.409353], [78.460639, 17.409354], [78.460578, 17.409087], [78.460536, 17.408752], [78.460516, 17.408396], [78.460524, 17.408056], [78.460547, 17.407745], [78.46057, 17.407593], [78.460619, 17.407468], [78.460677, 17.407334], [78.460785, 17.407177], [78.460848, 17.407118], [78.460973, 17.407069], [78.461185, 17.407006], [78.461603, 17.406916], [78.461744, 17.406855], [78.461841, 17.406803], [78.462003, 17.406778], [78.462238, 17.406766], [78.462348, 17.406818], [78.462503, 17.40691], [78.462739, 17.406528], [78.462755, 17.406501], [78.462945, 17.406321], [78.463738, 17.405458], [78.463954, 17.405228], [78.464035, 17.405191], [78.464036, 17.40519], [78.46406, 17.405179], [78.464138, 17.405177], [78.464718, 17.405905], [78.465111, 17.406347], [78.465771, 17.406805], [78.466216, 17.407059], [78.46693, 17.40723], [78.467398, 17.407256], [78.467841, 17.407596], [78.468186, 17.407877], [78.468515, 17.407984], [78.468439, 17.408356], [78.467297, 17.4088], [78.467801, 17.410205], [78.467128, 17.410426], [78.466733, 17.41037], [78.46523, 17.410459], [78.465055, 17.410441], [78.465105, 17.41065], [78.465158, 17.410878], [78.465082, 17.411091], [78.46507, 17.411234], [78.465078, 17.411378], [78.465114, 17.411622], [78.465275, 17.412279], [78.465484, 17.412955], [78.465808, 17.41403], [78.46591, 17.414242], [78.465993, 17.414381], [78.465627, 17.414452], [78.465571, 17.414529], [78.465492, 17.414638], [78.465466, 17.414656], [78.465432, 17.41468], [78.465435, 17.414688], [78.465338, 17.41479], [78.464969, 17.414935], [78.464357, 17.4151], [78.463682, 17.415289], [78.463051, 17.415478], [78.462451, 17.415637], [78.461883, 17.415767], [78.461603, 17.415764], [78.461244, 17.415634], [78.461016, 17.415446], [78.460853, 17.415127], [78.460877, 17.414255], [78.460882, 17.413927], [78.460866, 17.413687], [78.460714, 17.413435], [78.460574, 17.413194], [78.460256, 17.41371], [78.460234, 17.41393], [78.460442, 17.414644], [78.460687, 17.415412], [78.460915, 17.416036], [78.461184, 17.416798], [78.461441, 17.417569]]]}}, {"type": "Feature", "id": "ps-69", "properties": {"source": "LawyerInsta Hyderabad PS map (https://www.lawyerinsta.com/hyderabad-ps-map) - RESEARCH COPY, NOT AUTHORITATIVE", "source_id": "ps-69", "slug": "saifabad-police-station", "name": "Saifabad Police Station", "ps_name": "Saifabad", "commissionerate": "Hyderabad Commissionerate", "zone": "DCP Khairatabad Zone", "division": "ACP Saifabad", "ps_location": [78.46279, 17.402596], "has_geometry": true, "source_ring_count": 1, "geometry_interpretation": "single ring -> Polygon", "rings_closed_in_source": true, "our_ps_name": "Saifabad", "our_match": "exact-key"}, "geometry": {"type": "Polygon", "coordinates": [[[78.471551, 17.411207], [78.471231, 17.412729], [78.470949, 17.413783], [78.470505, 17.414034], [78.469243, 17.41426], [78.46743, 17.414524], [78.466155, 17.414553], [78.465993, 17.414381], [78.46591, 17.414242], [78.465808, 17.41403], [78.465796, 17.41399], [78.465484, 17.412955], [78.465275, 17.412279], [78.465114, 17.411622], [78.465078, 17.411378], [78.46507, 17.411234], [78.465082, 17.411091], [78.465158, 17.410878], [78.465105, 17.41065], [78.465055, 17.410441], [78.46523, 17.410459], [78.466733, 17.41037], [78.467128, 17.410426], [78.467801, 17.410205], [78.467297, 17.4088], [78.468439, 17.408356], [78.468515, 17.407984], [78.468186, 17.407877], [78.467841, 17.407596], [78.467398, 17.407256], [78.46693, 17.40723], [78.466216, 17.407059], [78.465771, 17.406805], [78.465111, 17.406347], [78.464718, 17.405905], [78.464138, 17.405177], [78.46406, 17.405179], [78.464036, 17.40519], [78.464035, 17.405191], [78.463954, 17.405228], [78.463738, 17.405458], [78.462945, 17.406321], [78.462755, 17.406501], [78.462739, 17.406528], [78.462503, 17.40691], [78.462348, 17.406818], [78.462238, 17.406766], [78.462003, 17.406778], [78.461841, 17.406803], [78.461744, 17.406855], [78.461603, 17.406916], [78.461185, 17.407006], [78.460973, 17.407069], [78.460848, 17.407118], [78.460785, 17.407177], [78.460677, 17.407334], [78.460619, 17.407468], [78.46057, 17.407593], [78.460547, 17.407745], [78.460524, 17.408056], [78.460516, 17.408396], [78.460536, 17.408752], [78.460578, 17.409087], [78.460639, 17.409354], [78.460442, 17.409353], [78.459668, 17.409316], [78.459114, 17.409276], [78.457917, 17.409154], [78.457329, 17.409097], [78.457339, 17.408967], [78.457364, 17.408612], [78.457382, 17.407909], [78.457383, 17.407877], [78.457384, 17.40785], [78.45787, 17.407866], [78.458493, 17.40783], [78.458375, 17.405065], [78.458429, 17.404789], [78.45903, 17.404523], [78.46007, 17.403182], [78.460101, 17.40313], [78.460394, 17.403085], [78.460678, 17.403026], [78.461108, 17.402888], [78.461508, 17.402817], [78.461673, 17.402723], [78.461981, 17.402794], [78.462303, 17.402908], [78.462833, 17.403116], [78.463089, 17.403315], [78.463454, 17.403578], [78.463564, 17.403453], [78.463698, 17.403298], [78.464163, 17.402765], [78.464849, 17.401978], [78.4668, 17.399608], [78.467286, 17.398646], [78.467571, 17.397894], [78.467695, 17.397171], [78.467762, 17.396357], [78.468174, 17.396354], [78.469002, 17.396348], [78.470468, 17.396215], [78.470593, 17.396202], [78.471056, 17.396154], [78.471065, 17.396115], [78.471075, 17.396302], [78.47104, 17.396712], [78.471005, 17.396939], [78.470849, 17.397967], [78.470841, 17.398129], [78.470819, 17.398527], [78.470802, 17.398842], [78.470826, 17.398913], [78.470906, 17.399257], [78.47142, 17.398835], [78.471805, 17.398621], [78.472393, 17.398428], [78.472764, 17.398375], [78.472873, 17.398359], [78.473226, 17.398316], [78.473609, 17.398269], [78.47377, 17.398259], [78.473799, 17.398257], [78.473984, 17.398262], [78.474013, 17.398263], [78.474132, 17.398311], [78.474352, 17.398412], [78.474513, 17.398531], [78.474638, 17.398691], [78.474739, 17.399084], [78.475031, 17.399804], [78.475358, 17.400553], [78.475575, 17.401036], [78.475592, 17.401074], [78.47578, 17.401493], [78.47597, 17.401999], [78.476089, 17.402326], [78.476143, 17.4025], [78.476201, 17.40269], [78.476202, 17.402695], [78.476256, 17.40301], [78.476261, 17.403234], [78.476268, 17.403581], [78.476315, 17.403902], [78.476428, 17.404236], [78.476548, 17.404556], [78.476666, 17.404872], [78.476801, 17.405279], [78.476886, 17.405538], [78.477041, 17.406092], [78.477097, 17.406229], [78.477133, 17.406558], [78.477119, 17.406722], [78.477012, 17.406958], [78.476798, 17.407357], [78.476469, 17.407778], [78.476084, 17.408285], [78.475745, 17.408624], [78.475634, 17.408434], [78.475389, 17.408535], [78.475342, 17.408498], [78.4753, 17.408465], [78.475214, 17.408397], [78.475063, 17.408306], [78.47494, 17.408241], [78.474772, 17.408191], [78.47462, 17.408174], [78.47453, 17.408173], [78.473664, 17.408055], [78.473567, 17.408041], [78.472894, 17.40792], [78.472628, 17.408441], [78.472065, 17.409265], [78.471658, 17.410257], [78.471551, 17.411207]]]}}, {"type": "Feature", "id": "ps-70", "properties": {"source": "LawyerInsta Hyderabad PS map (https://www.lawyerinsta.com/hyderabad-ps-map) - RESEARCH COPY, NOT AUTHORITATIVE", "source_id": "ps-70", "slug": "lake-police-station", "name": "Lake Police Station", "ps_name": "Lake", "commissionerate": "Hyderabad Commissionerate", "zone": "DCP Khairatabad Zone", "division": "ACP Saifabad", "ps_location": [78.464926, 17.422294], "has_geometry": true, "source_ring_count": 1, "geometry_interpretation": "single ring -> Polygon", "rings_closed_in_source": true, "our_ps_name": "Lake", "our_match": "exact-key"}, "geometry": {"type": "Polygon", "coordinates": [[[78.488499, 17.432343], [78.488351, 17.432388], [78.487951, 17.432509], [78.487518, 17.43264], [78.485974, 17.433135], [78.485315, 17.433346], [78.484786, 17.433519], [78.482738, 17.434138], [78.480467, 17.434828], [78.480248, 17.434894], [78.479648, 17.435077], [78.478864, 17.435271], [78.477333, 17.435539], [78.477076, 17.435584], [78.477026, 17.43559], [78.475763, 17.435809], [78.475373, 17.435921], [78.475112, 17.436037], [78.474775, 17.436186], [78.47459, 17.436306], [78.474082, 17.436636], [78.473413, 17.437158], [78.47338, 17.43718], [78.473067, 17.437373], [78.472789, 17.437505], [78.472592, 17.437586], [78.472527, 17.437613], [78.47241, 17.437662], [78.472023, 17.437789], [78.471944, 17.437804], [78.471718, 17.437845], [78.471525, 17.43788], [78.471423, 17.437885], [78.471001, 17.437905], [78.470266, 17.437829], [78.468781, 17.437541], [78.468472, 17.437481], [78.467946, 17.437327], [78.467466, 17.437148], [78.467101, 17.436944], [78.466775, 17.43672], [78.466504, 17.436474], [78.466401, 17.436381], [78.466073, 17.435955], [78.46461, 17.433714], [78.463827, 17.432538], [78.462799, 17.430914], [78.46205, 17.429594], [78.461905, 17.429238], [78.461752, 17.428705], [78.461712, 17.428364], [78.461696, 17.428178], [78.461694, 17.428034], [78.461691, 17.427828], [78.461718, 17.427399], [78.461766, 17.427148], [78.461814, 17.426938], [78.461974, 17.426452], [78.462217, 17.425739], [78.462386, 17.425245], [78.462794, 17.424079], [78.462914, 17.42364], [78.462976, 17.423231], [78.462986, 17.423163], [78.462992, 17.422909], [78.462763, 17.422242], [78.462751, 17.421824], [78.4622, 17.419876], [78.461788, 17.41861], [78.461184, 17.416798], [78.460915, 17.416036], [78.460687, 17.415412], [78.460442, 17.414644], [78.460234, 17.41393], [78.460256, 17.41371], [78.460574, 17.413194], [78.460714, 17.413435], [78.460866, 17.413687], [78.460882, 17.413927], [78.460877, 17.414255], [78.460853, 17.415127], [78.461016, 17.415446], [78.461244, 17.415634], [78.461603, 17.415764], [78.461883, 17.415767], [78.462451, 17.415637], [78.463051, 17.415478], [78.463682, 17.415289], [78.464357, 17.4151], [78.464969, 17.414935], [78.465338, 17.41479], [78.465435, 17.414688], [78.465466, 17.414656], [78.465492, 17.414638], [78.465571, 17.414529], [78.465627, 17.414452], [78.465993, 17.414381], [78.466155, 17.414553], [78.46743, 17.414524], [78.469243, 17.41426], [78.470505, 17.414034], [78.470949, 17.413783], [78.471231, 17.412729], [78.471551, 17.411207], [78.471658, 17.410257], [78.472065, 17.409265], [78.472628, 17.408441], [78.472894, 17.40792], [78.473567, 17.408041], [78.473664, 17.408055], [78.47453, 17.408173], [78.47462, 17.408174], [78.474772, 17.408191], [78.47494, 17.408241], [78.475063, 17.408306], [78.475214, 17.408397], [78.475342, 17.408498], [78.475389, 17.408535], [78.475634, 17.408434], [78.475745, 17.408624], [78.475797, 17.408713], [78.475778, 17.408739], [78.475551, 17.409058], [78.475534, 17.409565], [78.476323, 17.410512], [78.476956, 17.411535], [78.477334, 17.412046], [78.478323, 17.413545], [78.479232, 17.415051], [78.480216, 17.41631], [78.481362, 17.417716], [78.482889, 17.419628], [78.484431, 17.42154], [78.484484, 17.421618], [78.48506, 17.422473], [78.485359, 17.422863], [78.485603, 17.423212], [78.485772, 17.423597], [78.485968, 17.424675], [78.486205, 17.425586], [78.486664, 17.426631], [78.487358, 17.427715], [78.487697, 17.428425], [78.487958, 17.428413], [78.488116, 17.428473], [78.488853, 17.428633], [78.489841, 17.428907], [78.490317, 17.429139], [78.490989, 17.429585], [78.491602, 17.429984], [78.491917, 17.430192], [78.49206, 17.430347], [78.492536, 17.430888], [78.492643, 17.431061], [78.49271, 17.431315], [78.491682, 17.43138], [78.490952, 17.431572], [78.489812, 17.43194], [78.488499, 17.432343]]]}}, {"type": "Feature", "id": "ps-71", "properties": {"source": "LawyerInsta Hyderabad PS map (https://www.lawyerinsta.com/hyderabad-ps-map) - RESEARCH COPY, NOT AUTHORITATIVE", "source_id": "ps-71", "slug": "sultan-bazar-police-station", "name": "Sultan Bazar Police Station", "ps_name": "Sultan Bazar", "commissionerate": "Hyderabad Commissionerate", "zone": "DCP Khairatabad Zone", "division": "ACP Sultanbazar", "ps_location": [78.487388, 17.388574], "has_geometry": true, "source_ring_count": 1, "geometry_interpretation": "single ring -> Polygon", "rings_closed_in_source": true, "our_ps_name": "Sultanbazar", "our_match": "exact-key"}, "geometry": {"type": "Polygon", "coordinates": [[[78.489328, 17.391872], [78.489364, 17.392164], [78.489043, 17.392238], [78.488557, 17.39235], [78.488489, 17.392377], [78.488272, 17.392465], [78.488221, 17.392486], [78.488043, 17.392593], [78.488015, 17.392637], [78.48792, 17.392791], [78.487879, 17.392857], [78.487743, 17.393221], [78.487593, 17.393485], [78.487493, 17.393685], [78.487358, 17.393821], [78.487265, 17.393856], [78.487129, 17.393863], [78.486929, 17.393821], [78.486822, 17.393785], [78.486801, 17.393721], [78.486822, 17.393299], [78.486815, 17.393085], [78.486658, 17.392885], [78.48628, 17.392136], [78.486271, 17.392117], [78.485994, 17.391551], [78.485737, 17.390965], [78.485594, 17.390637], [78.485359, 17.390444], [78.485216, 17.390358], [78.485087, 17.390329], [78.484966, 17.390301], [78.484524, 17.390373], [78.483974, 17.39043], [78.483539, 17.390501], [78.48321, 17.390523], [78.482789, 17.390487], [78.482691, 17.390466], [78.482318, 17.390387], [78.481568, 17.390201], [78.481088, 17.39004], [78.481069, 17.390031], [78.481061, 17.390031], [78.480676, 17.389902], [78.480423, 17.389843], [78.480443, 17.389585], [78.480567, 17.3887], [78.480299, 17.388716], [78.480081, 17.388729], [78.479881, 17.388719], [78.479596, 17.388519], [78.479519, 17.388475], [78.479301, 17.388348], [78.478939, 17.388234], [78.478254, 17.388186], [78.477883, 17.388062], [78.477588, 17.38791], [78.477337, 17.387714], [78.477235, 17.387634], [78.478187, 17.386701], [78.479105, 17.385942], [78.47912, 17.38593], [78.479358, 17.385807], [78.479025, 17.385616], [78.47852, 17.38534], [78.478178, 17.385197], [78.477978, 17.385169], [78.47715, 17.38514], [78.476065, 17.385121], [78.475931, 17.384836], [78.47564, 17.384456], [78.475141, 17.383808], [78.475118, 17.383783], [78.47532, 17.383662], [78.475798, 17.383503], [78.476407, 17.38337], [78.477064, 17.383284], [78.478006, 17.38317], [78.478844, 17.383075], [78.479862, 17.382942], [78.480262, 17.382808], [78.481176, 17.382361], [78.482299, 17.38179], [78.483156, 17.38139], [78.484003, 17.381086], [78.484897, 17.380819], [78.485583, 17.380667], [78.486439, 17.380619], [78.488133, 17.380591], [78.488263, 17.380597], [78.488885, 17.380629], [78.489839, 17.380663], [78.489951, 17.380667], [78.490865, 17.380714], [78.491664, 17.380924], [78.491626, 17.381101], [78.491429, 17.381998], [78.491407, 17.382095], [78.49097, 17.383446], [78.490617, 17.384322], [78.490475, 17.384417], [78.490452, 17.384422], [78.489837, 17.38456], [78.490046, 17.385854], [78.490104, 17.386968], [78.490161, 17.387605], [78.490146, 17.388453], [78.490142, 17.388719], [78.490189, 17.389357], [78.490231, 17.389595], [78.490294, 17.389956], [78.49038, 17.390527], [78.490301, 17.390543], [78.489659, 17.390675], [78.489125, 17.390784], [78.489123, 17.390784], [78.489196, 17.391171], [78.489263, 17.391523], [78.489256, 17.391522], [78.489328, 17.391872]]]}}, {"type": "Feature", "id": "ps-72", "properties": {"source": "LawyerInsta Hyderabad PS map (https://www.lawyerinsta.com/hyderabad-ps-map) - RESEARCH COPY, NOT AUTHORITATIVE", "source_id": "ps-72", "slug": "narayanaguda-police-station", "name": "Narayanaguda Police Station", "ps_name": "Narayanaguda", "commissionerate": "Hyderabad Commissionerate", "zone": "DCP Khairatabad Zone", "division": "ACP Sultanbazar", "ps_location": [78.489858, 17.397698], "has_geometry": true, "source_ring_count": 1, "geometry_interpretation": "single ring -> Polygon", "rings_closed_in_source": true, "our_ps_name": "Narayanaguda", "our_match": "exact-key"}, "geometry": {"type": "Polygon", "coordinates": [[[78.486801, 17.393721], [78.486822, 17.393785], [78.486929, 17.393821], [78.487129, 17.393863], [78.487265, 17.393856], [78.487358, 17.393821], [78.487493, 17.393685], [78.487593, 17.393485], [78.487743, 17.393221], [78.487879, 17.392857], [78.48792, 17.392791], [78.488015, 17.392637], [78.488043, 17.392593], [78.488221, 17.392486], [78.488272, 17.392465], [78.488489, 17.392377], [78.488557, 17.39235], [78.488744, 17.392307], [78.489043, 17.392238], [78.489364, 17.392164], [78.489328, 17.391872], [78.489256, 17.391522], [78.489263, 17.391523], [78.489196, 17.391171], [78.489352, 17.391345], [78.489456, 17.391416], [78.489813, 17.39164], [78.489843, 17.391662], [78.489909, 17.391711], [78.489999, 17.391749], [78.490123, 17.391782], [78.490298, 17.391788], [78.490408, 17.391792], [78.49067, 17.391787], [78.490913, 17.391825], [78.491117, 17.391873], [78.491312, 17.391939], [78.491588, 17.392068], [78.491841, 17.392201], [78.491897, 17.392233], [78.491939, 17.392257], [78.492136, 17.392368], [78.492183, 17.392393], [78.492626, 17.392625], [78.492916, 17.392782], [78.493029, 17.392912], [78.49304, 17.392924], [78.493135, 17.393015], [78.493226, 17.393072], [78.493425, 17.393134], [78.493621, 17.393196], [78.493839, 17.393296], [78.494058, 17.393372], [78.494215, 17.393424], [78.494323, 17.393459], [78.494349, 17.393467], [78.494458, 17.393562], [78.494639, 17.393772], [78.49501, 17.394224], [78.495419, 17.394842], [78.495578, 17.39509], [78.495896, 17.395587], [78.495976, 17.395713], [78.496077, 17.395851], [78.496547, 17.396495], [78.496397, 17.396598], [78.495962, 17.396979], [78.495635, 17.397347], [78.495183, 17.397948], [78.494767, 17.398543], [78.49419, 17.399299], [78.493934, 17.399852], [78.493577, 17.400583], [78.492845, 17.40166], [78.492411, 17.402207], [78.491983, 17.402713], [78.49165, 17.402987], [78.491412, 17.403153], [78.491186, 17.403284], [78.490972, 17.403391], [78.490734, 17.403421], [78.490406, 17.403427], [78.490079, 17.403391], [78.489281, 17.403294], [78.489245, 17.403017], [78.489041, 17.402068], [78.488855, 17.400916], [78.488847, 17.400874], [78.488597, 17.400913], [78.488494, 17.400923], [78.488336, 17.400891], [78.488222, 17.400845], [78.488123, 17.400796], [78.487816, 17.400814], [78.487447, 17.400866], [78.487151, 17.400913], [78.487121, 17.400924], [78.486501, 17.401138], [78.485668, 17.401477], [78.485543, 17.401526], [78.484864, 17.40179], [78.484865, 17.401792], [78.484454, 17.401952], [78.484088, 17.402136], [78.483794, 17.402287], [78.483643, 17.4024], [78.483532, 17.402509], [78.482734, 17.403308], [78.482653, 17.403381], [78.482075, 17.403873], [78.481687, 17.404252], [78.481629, 17.404313], [78.481485, 17.404421], [78.481146, 17.404632], [78.481027, 17.404687], [78.480955, 17.404736], [78.48087, 17.404802], [78.480666, 17.404973], [78.480416, 17.405161], [78.480362, 17.405207], [78.479951, 17.405509], [78.479505, 17.40583], [78.479363, 17.405932], [78.479219, 17.405999], [78.478962, 17.406094], [78.478416, 17.406311], [78.478162, 17.406409], [78.47797, 17.406464], [78.477567, 17.406543], [78.477381, 17.406583], [78.477311, 17.406641], [78.477218, 17.406805], [78.477112, 17.407025], [78.477012, 17.406958], [78.477119, 17.406722], [78.477133, 17.406558], [78.477097, 17.406229], [78.476947, 17.405701], [78.476801, 17.405279], [78.476666, 17.404872], [78.476548, 17.404556], [78.476457, 17.404295], [78.476451, 17.404297], [78.476428, 17.404236], [78.476315, 17.403902], [78.476268, 17.403581], [78.476261, 17.403234], [78.476256, 17.40301], [78.476244, 17.40294], [78.476202, 17.402695], [78.476201, 17.40269], [78.476191, 17.402625], [78.476143, 17.4025], [78.476089, 17.402326], [78.47597, 17.401999], [78.47578, 17.401493], [78.475592, 17.401074], [78.476641, 17.400852], [78.478118, 17.400225], [78.480247, 17.399248], [78.482075, 17.398459], [78.483531, 17.397521], [78.484337, 17.396862], [78.485148, 17.395797], [78.485582, 17.39499], [78.485811, 17.394635], [78.486412, 17.394379], [78.486663, 17.394239], [78.486801, 17.393721]]]}}]}